d,pred_units,product_id,region_id
2026-02-01,26.787826538085938,P001,R01
2026-02-02,23.328643798828125,P001,R01
2026-02-03,24.088268280029297,P001,R01
2026-02-04,24.1365966796875,P001,R01
2026-02-05,25.586748123168945,P001,R01
2026-02-06,25.5897216796875,P001,R01
2026-02-07,27.5522518157959,P001,R01
2026-02-08,27.016403198242188,P001,R01
2026-02-09,25.067615509033203,P001,R01
2026-02-10,25.613786697387695,P001,R01
2026-02-11,25.898704528808594,P001,R01
2026-02-12,27.096755981445312,P001,R01
2026-02-13,27.764074325561523,P001,R01
2026-02-14,29.12250328063965,P001,R01
2026-02-15,28.372848510742188,P001,R01
2026-02-16,25.093685150146484,P001,R01
2026-02-17,25.63985824584961,P001,R01
2026-02-18,25.92323875427246,P001,R01
2026-02-19,27.08513641357422,P001,R01
2026-02-20,27.633098602294922,P001,R01
2026-02-21,29.028547286987305,P001,R01
2026-02-22,28.572769165039062,P001,R01
2026-02-23,25.14086151123047,P001,R01
2026-02-24,25.590370178222656,P001,R01
2026-02-25,25.864473342895508,P001,R01
2026-02-26,27.067411422729492,P001,R01
2026-02-27,27.716564178466797,P001,R01
2026-02-28,29.028547286987305,P001,R01
2026-02-01,32.45481872558594,P001,R02
2026-02-02,28.049114227294922,P001,R02
2026-02-03,29.241741180419922,P001,R02
2026-02-04,29.29214859008789,P001,R02
2026-02-05,29.96161460876465,P001,R02
2026-02-06,32.29559326171875,P001,R02
2026-02-07,33.004573822021484,P001,R02
2026-02-08,32.546241760253906,P001,R02
2026-02-09,28.13092803955078,P001,R02
2026-02-10,29.402420043945312,P001,R02
2026-02-11,29.46468162536621,P001,R02
2026-02-12,30.09760284423828,P001,R02
2026-02-13,32.27859878540039,P001,R02
2026-02-14,32.460716247558594,P001,R02
2026-02-15,31.887298583984375,P001,R02
2026-02-16,27.766538619995117,P001,R02
2026-02-17,28.996553421020508,P001,R02
2026-02-18,29.095415115356445,P001,R02
2026-02-19,29.650146484375,P001,R02
2026-02-20,31.61441421508789,P001,R02
2026-02-21,32.425567626953125,P001,R02
2026-02-22,31.91095733642578,P001,R02
2026-02-23,27.766538619995117,P001,R02
2026-02-24,28.767986297607422,P001,R02
2026-02-25,28.680580139160156,P001,R02
2026-02-26,29.469261169433594,P001,R02
2026-02-27,31.228532791137695,P001,R02
2026-02-28,31.980865478515625,P001,R02
2026-02-01,32.27665710449219,P001,R03
2026-02-02,27.41469383239746,P001,R03
2026-02-03,28.513648986816406,P001,R03
2026-02-04,28.89398956298828,P001,R03
2026-02-05,29.115079879760742,P001,R03
2026-02-06,30.990461349487305,P001,R03
2026-02-07,31.00446891784668,P001,R03
2026-02-08,30.392213821411133,P001,R03
2026-02-09,26.27826499938965,P001,R03
2026-02-10,27.198699951171875,P001,R03
2026-02-11,28.686288833618164,P001,R03
2026-02-12,29.313119888305664,P001,R03
2026-02-13,29.858537673950195,P001,R03
2026-02-14,30.828935623168945,P001,R03
2026-02-15,30.565242767333984,P001,R03
2026-02-16,25.799537658691406,P001,R03
2026-02-17,26.485973358154297,P001,R03
2026-02-18,26.8188419342041,P001,R03
2026-02-19,28.0465145111084,P001,R03
2026-02-20,29.473648071289062,P001,R03
2026-02-21,30.438199996948242,P001,R03
2026-02-22,29.923614501953125,P001,R03
2026-02-23,25.68975830078125,P001,R03
2026-02-24,26.248790740966797,P001,R03
2026-02-25,26.75020408630371,P001,R03
2026-02-26,28.0465145111084,P001,R03
2026-02-27,29.82923698425293,P001,R03
2026-02-28,30.73497772216797,P001,R03
2026-02-01,27.202722549438477,P001,R04
2026-02-02,23.80582046508789,P001,R04
2026-02-03,24.406564712524414,P001,R04
2026-02-04,24.553775787353516,P001,R04
2026-02-05,25.146728515625,P001,R04
2026-02-06,25.877445220947266,P001,R04
2026-02-07,27.740711212158203,P001,R04
2026-02-08,27.10468864440918,P001,R04
2026-02-09,24.134979248046875,P001,R04
2026-02-10,24.160110473632812,P001,R04
2026-02-11,24.430212020874023,P001,R04
2026-02-12,25.237260818481445,P001,R04
2026-02-13,26.005895614624023,P001,R04
2026-02-14,27.76338768005371,P001,R04
2026-02-15,27.163454055786133,P001,R04
2026-02-16,23.713708877563477,P001,R04
2026-02-17,24.16321563720703,P001,R04
2026-02-18,24.433317184448242,P001,R04
2026-02-19,25.158157348632812,P001,R04
2026-02-20,25.859020233154297,P001,R04
2026-02-21,27.797056198120117,P001,R04
2026-02-22,27.128305435180664,P001,R04
2026-02-23,23.713708877563477,P001,R04
2026-02-24,24.104450225830078,P001,R04
2026-02-25,24.37455177307129,P001,R04
2026-02-26,27.002717971801758,P001,R04
2026-02-27,27.593063354492188,P001,R04
2026-02-28,28.852285385131836,P001,R04
2026-02-01,29.967613220214844,P001,R05
2026-02-02,25.632169723510742,P001,R05
2026-02-03,26.840534210205078,P001,R05
2026-02-04,27.029369354248047,P001,R05
2026-02-05,27.899091720581055,P001,R05
2026-02-06,29.475910186767578,P001,R05
2026-02-07,30.35029411315918,P001,R05
2026-02-08,29.960948944091797,P001,R05
2026-02-09,26.127225875854492,P001,R05
2026-02-10,27.04766082763672,P001,R05
2026-02-11,27.821645736694336,P001,R05
2026-02-12,28.374103546142578,P001,R05
2026-02-13,29.561758041381836,P001,R05
2026-02-14,30.65906524658203,P001,R05
2026-02-15,29.960948944091797,P001,R05
2026-02-16,25.799537658691406,P001,R05
2026-02-17,26.37619400024414,P001,R05
2026-02-18,26.556974411010742,P001,R05
2026-02-19,27.725879669189453,P001,R05
2026-02-20,29.414840698242188,P001,R05
2026-02-21,30.203128814697266,P001,R05
2026-02-22,30.281387329101562,P001,R05
2026-02-23,26.135780334472656,P001,R05
2026-02-24,26.93000602722168,P001,R05
2026-02-25,28.529541015625,P001,R05
2026-02-26,28.381832122802734,P001,R05
2026-02-27,29.82923698425293,P001,R05
2026-02-28,30.872066497802734,P001,R05
2026-02-01,79.47636413574219,P002,R01
2026-02-02,75.83728790283203,P002,R01
2026-02-03,75.36640167236328,P002,R01
2026-02-04,76.99031066894531,P002,R01
2026-02-05,78.73631286621094,P002,R01
2026-02-06,90.52291107177734,P002,R01
2026-02-07,85.9581298828125,P002,R01
2026-02-08,85.48352813720703,P002,R01
2026-02-09,73.86237335205078,P002,R01
2026-02-10,75.860107421875,P002,R01
2026-02-11,78.01240539550781,P002,R01
2026-02-12,79.233154296875,P002,R01
2026-02-13,81.33634185791016,P002,R01
2026-02-14,83.3018569946289,P002,R01
2026-02-15,88.95022583007812,P002,R01
2026-02-16,78.52565002441406,P002,R01
2026-02-17,84.48780059814453,P002,R01
2026-02-18,95.08950805664062,P002,R01
2026-02-19,83.14771270751953,P002,R01
2026-02-20,84.27384948730469,P002,R01
2026-02-21,84.38155364990234,P002,R01
2026-02-22,85.55664825439453,P002,R01
2026-02-23,74.4161376953125,P002,R01
2026-02-24,79.39066314697266,P002,R01
2026-02-25,81.32759857177734,P002,R01
2026-02-26,105.00259399414062,P002,R01
2026-02-27,88.52790069580078,P002,R01
2026-02-28,86.6376953125,P002,R01
2026-02-01,110.18480682373047,P002,R02
2026-02-02,91.81550598144531,P002,R02
2026-02-03,100.87821197509766,P002,R02
2026-02-04,100.01205444335938,P002,R02
2026-02-05,98.4369888305664,P002,R02
2026-02-06,102.318603515625,P002,R02
2026-02-07,109.30194854736328,P002,R02
2026-02-08,111.31761169433594,P002,R02
2026-02-09,92.83291625976562,P002,R02
2026-02-10,101.05194091796875,P002,R02
2026-02-11,105.12665557861328,P002,R02
2026-02-12,104.07131958007812,P002,R02
2026-02-13,111.03616333007812,P002,R02
2026-02-14,113.83331298828125,P002,R02
2026-02-15,115.57878112792969,P002,R02
2026-02-16,92.1836166381836,P002,R02
2026-02-17,104.3028793334961,P002,R02
2026-02-18,101.33317565917969,P002,R02
2026-02-19,101.06413269042969,P002,R02
2026-02-20,104.50856018066406,P002,R02
2026-02-21,105.03778076171875,P002,R02
2026-02-22,104.38658905029297,P002,R02
2026-02-23,97.13069915771484,P002,R02
2026-02-24,109.90210723876953,P002,R02
2026-02-25,108.33447265625,P002,R02
2026-02-26,101.42865753173828,P002,R02
2026-02-27,106.32936096191406,P002,R02
2026-02-28,110.90254211425781,P002,R02
2026-02-01,86.74385833740234,P002,R03
2026-02-02,74.05410766601562,P002,R03
2026-02-03,77.58828735351562,P002,R03
2026-02-04,80.36610412597656,P002,R03
2026-02-05,82.92214965820312,P002,R03
2026-02-06,86.58781433105469,P002,R03
2026-02-07,87.79013061523438,P002,R03
2026-02-08,84.76215362548828,P002,R03
2026-02-09,75.76117706298828,P002,R03
2026-02-10,80.77391815185547,P002,R03
2026-02-11,103.28317260742188,P002,R03
2026-02-12,80.02249908447266,P002,R03
2026-02-13,83.5651626586914,P002,R03
2026-02-14,86.70770263671875,P002,R03
2026-02-15,87.7147445678711,P002,R03
2026-02-16,73.87643432617188,P002,R03
2026-02-17,78.13129425048828,P002,R03
2026-02-18,80.55537414550781,P002,R03
2026-02-19,85.08163452148438,P002,R03
2026-02-20,87.30707550048828,P002,R03
2026-02-21,85.17655944824219,P002,R03
2026-02-22,86.76695251464844,P002,R03
2026-02-23,77.607666015625,P002,R03
2026-02-24,128.9783172607422,P002,R03
2026-02-25,80.08631896972656,P002,R03
2026-02-26,86.21271514892578,P002,R03
2026-02-27,89.53129577636719,P002,R03
2026-02-28,90.06305694580078,P002,R03
2026-02-01,97.89202880859375,P002,R04
2026-02-02,83.66503143310547,P002,R04
2026-02-03,86.94646453857422,P002,R04
2026-02-04,90.36795043945312,P002,R04
2026-02-05,92.07233428955078,P002,R04
2026-02-06,94.69208526611328,P002,R04
2026-02-07,97.03483581542969,P002,R04
2026-02-08,96.9223403930664,P002,R04
2026-02-09,87.31710052490234,P002,R04
2026-02-10,92.71380615234375,P002,R04
2026-02-11,130.7734375,P002,R04
2026-02-12,95.12387084960938,P002,R04
2026-02-13,99.56414031982422,P002,R04
2026-02-14,104.4977798461914,P002,R04
2026-02-15,104.14566040039062,P002,R04
2026-02-16,94.29840087890625,P002,R04
2026-02-17,95.47817993164062,P002,R04
2026-02-18,94.27420043945312,P002,R04
2026-02-19,100.20950317382812,P002,R04
2026-02-20,109.35641479492188,P002,R04
2026-02-21,114.95773315429688,P002,R04
2026-02-22,114.23683166503906,P002,R04
2026-02-23,91.5800552368164,P002,R04
2026-02-24,95.3386001586914,P002,R04
2026-02-25,99.73148345947266,P002,R04
2026-02-26,100.6800537109375,P002,R04
2026-02-27,100.85717010498047,P002,R04
2026-02-28,102.82711029052734,P002,R04
2026-02-01,92.1638412475586,P002,R05
2026-02-02,81.99037170410156,P002,R05
2026-02-03,83.04791259765625,P002,R05
2026-02-04,84.57322692871094,P002,R05
2026-02-05,87.57076263427734,P002,R05
2026-02-06,89.4328384399414,P002,R05
2026-02-07,92.87102508544922,P002,R05
2026-02-08,95.78233337402344,P002,R05
2026-02-09,80.89744567871094,P002,R05
2026-02-10,87.54425811767578,P002,R05
2026-02-11,87.48092651367188,P002,R05
2026-02-12,91.58133697509766,P002,R05
2026-02-13,90.14144897460938,P002,R05
2026-02-14,96.66170501708984,P002,R05
2026-02-15,94.18563842773438,P002,R05
2026-02-16,83.920654296875,P002,R05
2026-02-17,91.48057556152344,P002,R05
2026-02-18,90.74490356445312,P002,R05
2026-02-19,128.18186950683594,P002,R05
2026-02-20,101.52497100830078,P002,R05
2026-02-21,101.7215805053711,P002,R05
2026-02-22,95.18403625488281,P002,R05
2026-02-23,85.99394226074219,P002,R05
2026-02-24,85.4969711303711,P002,R05
2026-02-25,86.55397033691406,P002,R05
2026-02-26,90.55410766601562,P002,R05
2026-02-27,95.4972915649414,P002,R05
2026-02-28,97.67713928222656,P002,R05
2026-02-01,80.10868835449219,P003,R01
2026-02-02,71.29637908935547,P003,R01
2026-02-03,74.3984146118164,P003,R01
2026-02-04,74.79671478271484,P003,R01
2026-02-05,76.24392700195312,P003,R01
2026-02-06,77.58354187011719,P003,R01
2026-02-07,86.3260269165039,P003,R01
2026-02-08,81.84590911865234,P003,R01
2026-02-09,73.3089370727539,P003,R01
2026-02-10,75.5372085571289,P003,R01
2026-02-11,78.14591217041016,P003,R01
2026-02-12,78.02394104003906,P003,R01
2026-02-13,78.8525161743164,P003,R01
2026-02-14,83.48329162597656,P003,R01
2026-02-15,81.81018829345703,P003,R01
2026-02-16,72.04224395751953,P003,R01
2026-02-17,77.44064331054688,P003,R01
2026-02-18,79.10539245605469,P003,R01
2026-02-19,76.75310516357422,P003,R01
2026-02-20,79.10224151611328,P003,R01
2026-02-21,82.9009780883789,P003,R01
2026-02-22,80.32769012451172,P003,R01
2026-02-23,72.06710052490234,P003,R01
2026-02-24,77.1939926147461,P003,R01
2026-02-25,78.91104125976562,P003,R01
2026-02-26,76.50023651123047,P003,R01
2026-02-27,78.229736328125,P003,R01
2026-02-28,83.01583862304688,P003,R01
2026-02-01,109.49722290039062,P003,R02
2026-02-02,93.53059387207031,P003,R02
2026-02-03,96.66348266601562,P003,R02
2026-02-04,97.66675567626953,P003,R02
2026-02-05,98.47000122070312,P003,R02
2026-02-06,112.17142486572266,P003,R02
2026-02-07,116.2856674194336,P003,R02
2026-02-08,108.8495101928711,P003,R02
2026-02-09,94.6479721069336,P003,R02
2026-02-10,100.93058013916016,P003,R02
2026-02-11,104.54204559326172,P003,R02
2026-02-12,105.32574462890625,P003,R02
2026-02-13,112.87310028076172,P003,R02
2026-02-14,112.95704650878906,P003,R02
2026-02-15,111.35712432861328,P003,R02
2026-02-16,99.14170837402344,P003,R02
2026-02-17,106.59144592285156,P003,R02
2026-02-18,107.3983154296875,P003,R02
2026-02-19,104.6566390991211,P003,R02
2026-02-20,105.09966278076172,P003,R02
2026-02-21,109.02647399902344,P003,R02
2026-02-22,121.37625885009766,P003,R02
2026-02-23,101.8268051147461,P003,R02
2026-02-24,107.94620513916016,P003,R02
2026-02-25,98.38775634765625,P003,R02
2026-02-26,102.92852020263672,P003,R02
2026-02-27,108.60060119628906,P003,R02
2026-02-28,108.12226104736328,P003,R02
2026-02-01,95.69015502929688,P003,R03
2026-02-02,81.19725036621094,P003,R03
2026-02-03,89.46205139160156,P003,R03
2026-02-04,88.92839813232422,P003,R03
2026-02-05,94.4047622680664,P003,R03
2026-02-06,97.37833404541016,P003,R03
2026-02-07,100.0191879272461,P003,R03
2026-02-08,101.85418701171875,P003,R03
2026-02-09,87.02372741699219,P003,R03
2026-02-10,100.42815399169922,P003,R03
2026-02-11,106.77915954589844,P003,R03
2026-02-12,101.49219512939453,P003,R03
2026-02-13,110.12397003173828,P003,R03
2026-02-14,109.92567443847656,P003,R03
2026-02-15,111.23936462402344,P003,R03
2026-02-16,94.98420715332031,P003,R03
2026-02-17,103.81553649902344,P003,R03
2026-02-18,107.85734558105469,P003,R03
2026-02-19,106.65978240966797,P003,R03
2026-02-20,111.68514251708984,P003,R03
2026-02-21,114.5653076171875,P003,R03
2026-02-22,113.74374389648438,P003,R03
2026-02-23,95.00816345214844,P003,R03
2026-02-24,101.25851440429688,P003,R03
2026-02-25,96.96487426757812,P003,R03
2026-02-26,99.13900756835938,P003,R03
2026-02-27,103.33097839355469,P003,R03
2026-02-28,103.60054779052734,P003,R03
2026-02-01,100.18385314941406,P003,R04
2026-02-02,90.78589630126953,P003,R04
2026-02-03,89.52611541748047,P003,R04
2026-02-04,92.8165283203125,P003,R04
2026-02-05,95.5031509399414,P003,R04
2026-02-06,98.61837005615234,P003,R04
2026-02-07,102.92921447753906,P003,R04
2026-02-08,106.27546691894531,P003,R04
2026-02-09,94.25416564941406,P003,R04
2026-02-10,106.44673919677734,P003,R04
2026-02-11,102.5286636352539,P003,R04
2026-02-12,109.28038787841797,P003,R04
2026-02-13,107.90996551513672,P003,R04
2026-02-14,118.16348266601562,P003,R04
2026-02-15,107.22844696044922,P003,R04
2026-02-16,96.10079193115234,P003,R04
2026-02-17,106.32269287109375,P003,R04
2026-02-18,101.40937042236328,P003,R04
2026-02-19,101.01667022705078,P003,R04
2026-02-20,108.02915954589844,P003,R04
2026-02-21,105.628662109375,P003,R04
2026-02-22,110.20648193359375,P003,R04
2026-02-23,101.21556091308594,P003,R04
2026-02-24,107.24088287353516,P003,R04
2026-02-25,107.92424774169922,P003,R04
2026-02-26,109.77325439453125,P003,R04
2026-02-27,111.58692169189453,P003,R04
2026-02-28,121.15428924560547,P003,R04
2026-02-01,92.88138580322266,P003,R05
2026-02-02,82.28855895996094,P003,R05
2026-02-03,85.60072326660156,P003,R05
2026-02-04,86.00672912597656,P003,R05
2026-02-05,85.44829559326172,P003,R05
2026-02-06,92.7873306274414,P003,R05
2026-02-07,92.14839172363281,P003,R05
2026-02-08,92.95269775390625,P003,R05
2026-02-09,85.08124542236328,P003,R05
2026-02-10,132.298095703125,P003,R05
2026-02-11,90.62298583984375,P003,R05
2026-02-12,92.2018814086914,P003,R05
2026-02-13,96.92247772216797,P003,R05
2026-02-14,100.49895477294922,P003,R05
2026-02-15,98.32429504394531,P003,R05
2026-02-16,85.65960693359375,P003,R05
2026-02-17,84.39842224121094,P003,R05
2026-02-18,92.59235382080078,P003,R05
2026-02-19,96.73883056640625,P003,R05
2026-02-20,101.16519165039062,P003,R05
2026-02-21,100.97561645507812,P003,R05
2026-02-22,98.98184204101562,P003,R05
2026-02-23,85.06749725341797,P003,R05
2026-02-24,91.33805084228516,P003,R05
2026-02-25,93.04364013671875,P003,R05
2026-02-26,99.37792205810547,P003,R05
2026-02-27,102.6596450805664,P003,R05
2026-02-28,98.97315979003906,P003,R05
2026-02-01,98.0871353149414,P004,R01
2026-02-02,85.95336151123047,P004,R01
2026-02-03,88.96170043945312,P004,R01
2026-02-04,90.95468139648438,P004,R01
2026-02-05,96.82907104492188,P004,R01
2026-02-06,102.10917663574219,P004,R01
2026-02-07,100.45111083984375,P004,R01
2026-02-08,103.36107635498047,P004,R01
2026-02-09,89.10894775390625,P004,R01
2026-02-10,96.85140991210938,P004,R01
2026-02-11,97.43721771240234,P004,R01
2026-02-12,102.98184967041016,P004,R01
2026-02-13,104.03630065917969,P004,R01
2026-02-14,107.15872192382812,P004,R01
2026-02-15,106.99845886230469,P004,R01
2026-02-16,95.92889404296875,P004,R01
2026-02-17,98.51060485839844,P004,R01
2026-02-18,100.6152572631836,P004,R01
2026-02-19,104.81896209716797,P004,R01
2026-02-20,105.76853942871094,P004,R01
2026-02-21,109.05057525634766,P004,R01
2026-02-22,112.50354766845703,P004,R01
2026-02-23,97.25865173339844,P004,R01
2026-02-24,101.79873657226562,P004,R01
2026-02-25,96.63264465332031,P004,R01
2026-02-26,101.00569152832031,P004,R01
2026-02-27,107.56270599365234,P004,R01
2026-02-28,107.65316772460938,P004,R01
2026-02-01,123.69605255126953,P004,R02
2026-02-02,106.73397064208984,P004,R02
2026-02-03,110.15583801269531,P004,R02
2026-02-04,111.28778839111328,P004,R02
2026-02-05,113.64556884765625,P004,R02
2026-02-06,115.19351959228516,P004,R02
2026-02-07,120.09559631347656,P004,R02
2026-02-08,113.28312683105469,P004,R02
2026-02-09,107.26156616210938,P004,R02
2026-02-10,110.59971618652344,P004,R02
2026-02-11,115.09770965576172,P004,R02
2026-02-12,117.40064239501953,P004,R02
2026-02-13,128.10684204101562,P004,R02
2026-02-14,128.74998474121094,P004,R02
2026-02-15,120.70930480957031,P004,R02
2026-02-16,106.72335815429688,P004,R02
2026-02-17,107.40191650390625,P004,R02
2026-02-18,112.08778381347656,P004,R02
2026-02-19,113.18404388427734,P004,R02
2026-02-20,117.01971435546875,P004,R02
2026-02-21,128.81298828125,P004,R02
2026-02-22,120.9320068359375,P004,R02
2026-02-23,106.36673736572266,P004,R02
2026-02-24,102.07466125488281,P004,R02
2026-02-25,110.8943862915039,P004,R02
2026-02-26,114.51280212402344,P004,R02
2026-02-27,113.74929809570312,P004,R02
2026-02-28,125.51527404785156,P004,R02
2026-02-01,109.0548095703125,P004,R03
2026-02-02,98.9572982788086,P004,R03
2026-02-03,99.49734497070312,P004,R03
2026-02-04,106.28135681152344,P004,R03
2026-02-05,107.42829132080078,P004,R03
2026-02-06,115.23247528076172,P004,R03
2026-02-07,120.82685852050781,P004,R03
2026-02-08,115.90496826171875,P004,R03
2026-02-09,98.00140380859375,P004,R03
2026-02-10,101.66155242919922,P004,R03
2026-02-11,104.5159683227539,P004,R03
2026-02-12,100.98155212402344,P004,R03
2026-02-13,106.30221557617188,P004,R03
2026-02-14,111.64427947998047,P004,R03
2026-02-15,115.00907897949219,P004,R03
2026-02-16,102.20430755615234,P004,R03
2026-02-17,97.78339385986328,P004,R03
2026-02-18,104.92384338378906,P004,R03
2026-02-19,107.21467590332031,P004,R03
2026-02-20,108.36758422851562,P004,R03
2026-02-21,112.20877075195312,P004,R03
2026-02-22,110.17454528808594,P004,R03
2026-02-23,98.6368408203125,P004,R03
2026-02-24,95.64616394042969,P004,R03
2026-02-25,100.47569274902344,P004,R03
2026-02-26,102.1939697265625,P004,R03
2026-02-27,105.46867370605469,P004,R03
2026-02-28,109.34934997558594,P004,R03
2026-02-01,98.76114654541016,P004,R04
2026-02-02,90.06446075439453,P004,R04
2026-02-03,92.13373565673828,P004,R04
2026-02-04,92.18595123291016,P004,R04
2026-02-05,93.77711486816406,P004,R04
2026-02-06,99.24173736572266,P004,R04
2026-02-07,101.88780212402344,P004,R04
2026-02-08,103.13693237304688,P004,R04
2026-02-09,93.98309326171875,P004,R04
2026-02-10,94.77300262451172,P004,R04
2026-02-11,99.2856216430664,P004,R04
2026-02-12,115.3353500366211,P004,R04
2026-02-13,100.88114929199219,P004,R04
2026-02-14,104.4273452758789,P004,R04
2026-02-15,107.34768676757812,P004,R04
2026-02-16,92.2615737915039,P004,R04
2026-02-17,96.30526733398438,P004,R04
2026-02-18,101.99535369873047,P004,R04
2026-02-19,99.59435272216797,P004,R04
2026-02-20,106.34397888183594,P004,R04
2026-02-21,105.4841079711914,P004,R04
2026-02-22,107.64456176757812,P004,R04
2026-02-23,91.96333312988281,P004,R04
2026-02-24,101.5156478881836,P004,R04
2026-02-25,94.95073699951172,P004,R04
2026-02-26,103.49958038330078,P004,R04
2026-02-27,103.11288452148438,P004,R04
2026-02-28,104.3177490234375,P004,R04
2026-02-01,97.04410552978516,P004,R05
2026-02-02,85.93244934082031,P004,R05
2026-02-03,91.08320617675781,P004,R05
2026-02-04,91.52804565429688,P004,R05
2026-02-05,100.43484497070312,P004,R05
2026-02-06,103.04752349853516,P004,R05
2026-02-07,102.15677642822266,P004,R05
2026-02-08,102.58978271484375,P004,R05
2026-02-09,87.50376892089844,P004,R05
2026-02-10,93.43042755126953,P004,R05
2026-02-11,97.42192840576172,P004,R05
2026-02-12,100.6344985961914,P004,R05
2026-02-13,104.33541107177734,P004,R05
2026-02-14,104.12964630126953,P004,R05
2026-02-15,99.37347412109375,P004,R05
2026-02-16,88.15404510498047,P004,R05
2026-02-17,103.67305755615234,P004,R05
2026-02-18,94.50072479248047,P004,R05
2026-02-19,98.7815933227539,P004,R05
2026-02-20,103.09032440185547,P004,R05
2026-02-21,102.95642852783203,P004,R05
2026-02-22,102.7325210571289,P004,R05
2026-02-23,95.06797790527344,P004,R05
2026-02-24,112.80680084228516,P004,R05
2026-02-25,99.51788330078125,P004,R05
2026-02-26,98.5384292602539,P004,R05
2026-02-27,103.43452453613281,P004,R05
2026-02-28,104.32811737060547,P004,R05
2026-02-01,62.97657775878906,P005,R01
2026-02-02,55.26353454589844,P005,R01
2026-02-03,57.69009017944336,P005,R01
2026-02-04,58.28168487548828,P005,R01
2026-02-05,60.91110610961914,P005,R01
2026-02-06,61.366451263427734,P005,R01
2026-02-07,64.11396026611328,P005,R01
2026-02-08,65.5053939819336,P005,R01
2026-02-09,55.96786880493164,P005,R01
2026-02-10,58.20326614379883,P005,R01
2026-02-11,58.74274444580078,P005,R01
2026-02-12,61.57115936279297,P005,R01
2026-02-13,62.531253814697266,P005,R01
2026-02-14,63.978607177734375,P005,R01
2026-02-15,63.45793914794922,P005,R01
2026-02-16,53.71395492553711,P005,R01
2026-02-17,55.8429069519043,P005,R01
2026-02-18,57.20293045043945,P005,R01
2026-02-19,57.33616256713867,P005,R01
2026-02-20,58.6011848449707,P005,R01
2026-02-21,62.31120300292969,P005,R01
2026-02-22,62.46958923339844,P005,R01
2026-02-23,53.32006072998047,P005,R01
2026-02-24,55.311309814453125,P005,R01
2026-02-25,56.963993072509766,P005,R01
2026-02-26,58.42407989501953,P005,R01
2026-02-27,60.23139953613281,P005,R01
2026-02-28,63.36468505859375,P005,R01
2026-02-01,76.5784683227539,P005,R02
2026-02-02,68.31111145019531,P005,R02
2026-02-03,69.73614501953125,P005,R02
2026-02-04,72.2054443359375,P005,R02
2026-02-05,72.58873748779297,P005,R02
2026-02-06,74.40726470947266,P005,R02
2026-02-07,76.90724182128906,P005,R02
2026-02-08,75.31221008300781,P005,R02
2026-02-09,68.87635040283203,P005,R02
2026-02-10,73.52130126953125,P005,R02
2026-02-11,71.9150619506836,P005,R02
2026-02-12,78.01956939697266,P005,R02
2026-02-13,79.60270690917969,P005,R02
2026-02-14,84.43751525878906,P005,R02
2026-02-15,77.69588470458984,P005,R02
2026-02-16,69.04916381835938,P005,R02
2026-02-17,71.50696563720703,P005,R02
2026-02-18,72.55925750732422,P005,R02
2026-02-19,73.22526550292969,P005,R02
2026-02-20,75.3851089477539,P005,R02
2026-02-21,79.13995361328125,P005,R02
2026-02-22,78.8001480102539,P005,R02
2026-02-23,73.58753204345703,P005,R02
2026-02-24,74.5565414428711,P005,R02
2026-02-25,75.68245697021484,P005,R02
2026-02-26,77.14947509765625,P005,R02
2026-02-27,79.58940124511719,P005,R02
2026-02-28,84.424560546875,P005,R02
2026-02-01,61.33431625366211,P005,R03
2026-02-02,53.823585510253906,P005,R03
2026-02-03,56.51946258544922,P005,R03
2026-02-04,55.79874801635742,P005,R03
2026-02-05,57.1502685546875,P005,R03
2026-02-06,58.91274642944336,P005,R03
2026-02-07,61.48673629760742,P005,R03
2026-02-08,61.0177001953125,P005,R03
2026-02-09,53.55158615112305,P005,R03
2026-02-10,55.907814025878906,P005,R03
2026-02-11,55.76593017578125,P005,R03
2026-02-12,57.90192413330078,P005,R03
2026-02-13,59.59546661376953,P005,R03
2026-02-14,62.267738342285156,P005,R03
2026-02-15,61.1197395324707,P005,R03
2026-02-16,53.4747200012207,P005,R03
2026-02-17,54.23202896118164,P005,R03
2026-02-18,56.596092224121094,P005,R03
2026-02-19,56.83487319946289,P005,R03
2026-02-20,59.087520599365234,P005,R03
2026-02-21,61.510440826416016,P005,R03
2026-02-22,59.97108459472656,P005,R03
2026-02-23,52.95275115966797,P005,R03
2026-02-24,54.17599868774414,P005,R03
2026-02-25,55.00530242919922,P005,R03
2026-02-26,56.750057220458984,P005,R03
2026-02-27,58.28342819213867,P005,R03
2026-02-28,62.31564712524414,P005,R03
2026-02-01,61.91217041015625,P005,R04
2026-02-02,54.27387619018555,P005,R04
2026-02-03,55.119720458984375,P005,R04
2026-02-04,55.95110321044922,P005,R04
2026-02-05,57.58289337158203,P005,R04
2026-02-06,58.689170837402344,P005,R04
2026-02-07,62.93449783325195,P005,R04
2026-02-08,61.05265808105469,P005,R04
2026-02-09,53.266151428222656,P005,R04
2026-02-10,55.71221160888672,P005,R04
2026-02-11,55.95445251464844,P005,R04
2026-02-12,57.1118049621582,P005,R04
2026-02-13,58.67243576049805,P005,R04
2026-02-14,61.14793395996094,P005,R04
2026-02-15,60.2238655090332,P005,R04
2026-02-16,53.619667053222656,P005,R04
2026-02-17,53.49418258666992,P005,R04
2026-02-18,55.00530242919922,P005,R04
2026-02-19,56.952178955078125,P005,R04
2026-02-20,57.29548263549805,P005,R04
2026-02-21,61.63435745239258,P005,R04
2026-02-22,59.84989547729492,P005,R04
2026-02-23,52.76373291015625,P005,R04
2026-02-24,54.057125091552734,P005,R04
2026-02-25,54.346595764160156,P005,R04
2026-02-26,55.759647369384766,P005,R04
2026-02-27,57.43224334716797,P005,R04
2026-02-28,60.54450225830078,P005,R04
2026-02-01,58.2406005859375,P005,R05
2026-02-02,54.330474853515625,P005,R05
2026-02-03,54.63896942138672,P005,R05
2026-02-04,53.59335708618164,P005,R05
2026-02-05,56.51688766479492,P005,R05
2026-02-06,56.72920227050781,P005,R05
2026-02-07,59.208614349365234,P005,R05
2026-02-08,65.56294250488281,P005,R05
2026-02-09,54.048309326171875,P005,R05
2026-02-10,57.7956428527832,P005,R05
2026-02-11,56.9185676574707,P005,R05
2026-02-12,58.55781936645508,P005,R05
2026-02-13,60.3715934753418,P005,R05
2026-02-14,63.95358657836914,P005,R05
2026-02-15,63.21915054321289,P005,R05
2026-02-16,54.971214294433594,P005,R05
2026-02-17,55.100399017333984,P005,R05
2026-02-18,55.49092102050781,P005,R05
2026-02-19,57.04676055908203,P005,R05
2026-02-20,58.0879020690918,P005,R05
2026-02-21,60.57161331176758,P005,R05
2026-02-22,61.36505126953125,P005,R05
2026-02-23,52.96480941772461,P005,R05
2026-02-24,54.36741256713867,P005,R05
2026-02-25,55.05785369873047,P005,R05
2026-02-26,55.79066848754883,P005,R05
2026-02-27,57.32706069946289,P005,R05
2026-02-28,60.73286819458008,P005,R05
2026-02-01,44.28160858154297,P006,R01
2026-02-02,40.78267288208008,P006,R01
2026-02-03,41.382511138916016,P006,R01
2026-02-04,42.83460998535156,P006,R01
2026-02-05,44.464717864990234,P006,R01
2026-02-06,46.32554626464844,P006,R01
2026-02-07,47.23289489746094,P006,R01
2026-02-08,45.12987518310547,P006,R01
2026-02-09,42.08552932739258,P006,R01
2026-02-10,42.801902770996094,P006,R01
2026-02-11,43.86564636230469,P006,R01
2026-02-12,44.15657043457031,P006,R01
2026-02-13,45.013545989990234,P006,R01
2026-02-14,45.9412727355957,P006,R01
2026-02-15,45.60324478149414,P006,R01
2026-02-16,42.56040573120117,P006,R01
2026-02-17,43.06499099731445,P006,R01
2026-02-18,44.33235168457031,P006,R01
2026-02-19,44.730899810791016,P006,R01
2026-02-20,45.71678161621094,P006,R01
2026-02-21,46.896636962890625,P006,R01
2026-02-22,44.721595764160156,P006,R01
2026-02-23,42.49762725830078,P006,R01
2026-02-24,43.06499099731445,P006,R01
2026-02-25,44.11577606201172,P006,R01
2026-02-26,44.39986801147461,P006,R01
2026-02-27,45.37522506713867,P006,R01
2026-02-28,46.11731719970703,P006,R01
2026-02-01,52.06415557861328,P006,R02
2026-02-02,44.49213409423828,P006,R02
2026-02-03,46.320159912109375,P006,R02
2026-02-04,47.952152252197266,P006,R02
2026-02-05,48.038551330566406,P006,R02
2026-02-06,49.55768585205078,P006,R02
2026-02-07,53.16876983642578,P006,R02
2026-02-08,50.371498107910156,P006,R02
2026-02-09,47.43442153930664,P006,R02
2026-02-10,45.1350212097168,P006,R02
2026-02-11,46.95574188232422,P006,R02
2026-02-12,46.84285354614258,P006,R02
2026-02-13,48.50946807861328,P006,R02
2026-02-14,51.31959915161133,P006,R02
2026-02-15,50.041587829589844,P006,R02
2026-02-16,46.096153259277344,P006,R02
2026-02-17,46.7563591003418,P006,R02
2026-02-18,47.94380187988281,P006,R02
2026-02-19,49.8597412109375,P006,R02
2026-02-20,51.57015609741211,P006,R02
2026-02-21,51.42768096923828,P006,R02
2026-02-22,51.50235366821289,P006,R02
2026-02-23,47.69757843017578,P006,R02
2026-02-24,47.93266677856445,P006,R02
2026-02-25,49.755104064941406,P006,R02
2026-02-26,50.9891357421875,P006,R02
2026-02-27,51.698326110839844,P006,R02
2026-02-28,54.256099700927734,P006,R02
2026-02-01,51.110679626464844,P006,R03
2026-02-02,46.760032653808594,P006,R03
2026-02-03,45.284820556640625,P006,R03
2026-02-04,48.27716064453125,P006,R03
2026-02-05,47.898590087890625,P006,R03
2026-02-06,48.931209564208984,P006,R03
2026-02-07,53.15127944946289,P006,R03
2026-02-08,51.51359939575195,P006,R03
2026-02-09,45.94652557373047,P006,R03
2026-02-10,46.20724105834961,P006,R03
2026-02-11,48.145755767822266,P006,R03
2026-02-12,47.923763275146484,P006,R03
2026-02-13,52.55195617675781,P006,R03
2026-02-14,52.41514205932617,P006,R03
2026-02-15,51.39072036743164,P006,R03
2026-02-16,47.213279724121094,P006,R03
2026-02-17,47.381961822509766,P006,R03
2026-02-18,49.44468688964844,P006,R03
2026-02-19,50.955474853515625,P006,R03
2026-02-20,51.98957824707031,P006,R03
2026-02-21,55.14773178100586,P006,R03
2026-02-22,53.222530364990234,P006,R03
2026-02-23,48.72541809082031,P006,R03
2026-02-24,48.91771697998047,P006,R03
2026-02-25,50.0859489440918,P006,R03
2026-02-26,50.930206298828125,P006,R03
2026-02-27,51.816978454589844,P006,R03
2026-02-28,52.74540328979492,P006,R03
2026-02-01,47.52805709838867,P006,R04
2026-02-02,43.38956069946289,P006,R04
2026-02-03,42.796077728271484,P006,R04
2026-02-04,44.76680374145508,P006,R04
2026-02-05,45.248779296875,P006,R04
2026-02-06,45.8536376953125,P006,R04
2026-02-07,49.352596282958984,P006,R04
2026-02-08,47.83097839355469,P006,R04
2026-02-09,43.563018798828125,P006,R04
2026-02-10,44.43064880371094,P006,R04
2026-02-11,47.12274169921875,P006,R04
2026-02-12,46.79390335083008,P006,R04
2026-02-13,47.9256591796875,P006,R04
2026-02-14,48.38505172729492,P006,R04
2026-02-15,50.01410675048828,P006,R04
2026-02-16,42.19371032714844,P006,R04
2026-02-17,44.4679069519043,P006,R04
2026-02-18,46.93071746826172,P006,R04
2026-02-19,49.14503479003906,P006,R04
2026-02-20,50.15574645996094,P006,R04
2026-02-21,52.3881950378418,P006,R04
2026-02-22,51.1163215637207,P006,R04
2026-02-23,46.937408447265625,P006,R04
2026-02-24,48.74024200439453,P006,R04
2026-02-25,48.46056365966797,P006,R04
2026-02-26,49.050628662109375,P006,R04
2026-02-27,48.97100830078125,P006,R04
2026-02-28,52.95826721191406,P006,R04
2026-02-01,49.68274688720703,P006,R05
2026-02-02,44.120304107666016,P006,R05
2026-02-03,44.59669494628906,P006,R05
2026-02-04,47.863155364990234,P006,R05
2026-02-05,47.469154357910156,P006,R05
2026-02-06,49.548866271972656,P006,R05
2026-02-07,52.27793502807617,P006,R05
2026-02-08,50.981361389160156,P006,R05
2026-02-09,45.74566650390625,P006,R05
2026-02-10,45.38724899291992,P006,R05
2026-02-11,47.33256530761719,P006,R05
2026-02-12,49.7127571105957,P006,R05
2026-02-13,51.67393493652344,P006,R05
2026-02-14,51.156166076660156,P006,R05
2026-02-15,52.72286605834961,P006,R05
2026-02-16,45.50444030761719,P006,R05
2026-02-17,47.153358459472656,P006,R05
2026-02-18,50.03853988647461,P006,R05
2026-02-19,50.76093292236328,P006,R05
2026-02-20,51.80653381347656,P006,R05
2026-02-21,53.79975891113281,P006,R05
2026-02-22,53.4481201171875,P006,R05
2026-02-23,52.89191818237305,P006,R05
2026-02-24,46.05229568481445,P006,R05
2026-02-25,48.79747772216797,P006,R05
2026-02-26,50.51004409790039,P006,R05
2026-02-27,51.02436065673828,P006,R05
2026-02-28,53.49910354614258,P006,R05
2026-02-01,75.0836410522461,P007,R01
2026-02-02,66.42369842529297,P007,R01
2026-02-03,68.52140808105469,P007,R01
2026-02-04,69.18811798095703,P007,R01
2026-02-05,70.80648803710938,P007,R01
2026-02-06,71.26167297363281,P007,R01
2026-02-07,75.14506530761719,P007,R01
2026-02-08,74.29331970214844,P007,R01
2026-02-09,69.72434997558594,P007,R01
2026-02-10,68.71906280517578,P007,R01
2026-02-11,70.52165985107422,P007,R01
2026-02-12,74.40594482421875,P007,R01
2026-02-13,74.65888214111328,P007,R01
2026-02-14,77.8204574584961,P007,R01
2026-02-15,75.35308074951172,P007,R01
2026-02-16,68.49739837646484,P007,R01
2026-02-17,70.15542602539062,P007,R01
2026-02-18,72.2204360961914,P007,R01
2026-02-19,74.1176986694336,P007,R01
2026-02-20,74.84632873535156,P007,R01
2026-02-21,76.86522674560547,P007,R01
2026-02-22,77.65855407714844,P007,R01
2026-02-23,73.29661560058594,P007,R01
2026-02-24,70.67162322998047,P007,R01
2026-02-25,72.2385025024414,P007,R01
2026-02-26,74.22789764404297,P007,R01
2026-02-27,75.54716491699219,P007,R01
2026-02-28,79.01419067382812,P007,R01
2026-02-01,105.05108642578125,P007,R02
2026-02-02,92.26302337646484,P007,R02
2026-02-03,94.20722198486328,P007,R02
2026-02-04,96.06291961669922,P007,R02
2026-02-05,103.82872009277344,P007,R02
2026-02-06,112.64955139160156,P007,R02
2026-02-07,113.90213775634766,P007,R02
2026-02-08,109.73338317871094,P007,R02
2026-02-09,92.58003997802734,P007,R02
2026-02-10,93.28533935546875,P007,R02
2026-02-11,96.45010375976562,P007,R02
2026-02-12,98.43720245361328,P007,R02
2026-02-13,106.32066345214844,P007,R02
2026-02-14,106.32624053955078,P007,R02
2026-02-15,108.2010269165039,P007,R02
2026-02-16,93.21318054199219,P007,R02
2026-02-17,99.0999526977539,P007,R02
2026-02-18,101.50733184814453,P007,R02
2026-02-19,104.5511703491211,P007,R02
2026-02-20,114.43914794921875,P007,R02
2026-02-21,115.58529663085938,P007,R02
2026-02-22,110.5565414428711,P007,R02
2026-02-23,99.61233520507812,P007,R02
2026-02-24,97.2697982788086,P007,R02
2026-02-25,103.20602416992188,P007,R02
2026-02-26,101.24547576904297,P007,R02
2026-02-27,103.42417907714844,P007,R02
2026-02-28,112.3562240600586,P007,R02
2026-02-01,92.65985107421875,P007,R03
2026-02-02,80.54238891601562,P007,R03
2026-02-03,84.00135803222656,P007,R03
2026-02-04,87.58106231689453,P007,R03
2026-02-05,86.29638671875,P007,R03
2026-02-06,93.01847076416016,P007,R03
2026-02-07,93.85116577148438,P007,R03
2026-02-08,94.41663360595703,P007,R03
2026-02-09,84.28529357910156,P007,R03
2026-02-10,84.3553466796875,P007,R03
2026-02-11,90.60114288330078,P007,R03
2026-02-12,93.2476806640625,P007,R03
2026-02-13,99.19686889648438,P007,R03
2026-02-14,99.10591125488281,P007,R03
2026-02-15,100.69975280761719,P007,R03
2026-02-16,83.87043762207031,P007,R03
2026-02-17,88.15777587890625,P007,R03
2026-02-18,91.36821746826172,P007,R03
2026-02-19,93.31510162353516,P007,R03
2026-02-20,99.4808578491211,P007,R03
2026-02-21,100.92986297607422,P007,R03
2026-02-22,99.98502349853516,P007,R03
2026-02-23,82.94548797607422,P007,R03
2026-02-24,87.1661148071289,P007,R03
2026-02-25,86.43878936767578,P007,R03
2026-02-26,87.88426208496094,P007,R03
2026-02-27,91.28430938720703,P007,R03
2026-02-28,92.394775390625,P007,R03
2026-02-01,87.76841735839844,P007,R04
2026-02-02,76.6571273803711,P007,R04
2026-02-03,84.03528594970703,P007,R04
2026-02-04,80.31184387207031,P007,R04
2026-02-05,83.30181884765625,P007,R04
2026-02-06,89.17903900146484,P007,R04
2026-02-07,89.96797180175781,P007,R04
2026-02-08,88.86250305175781,P007,R04
2026-02-09,79.58597564697266,P007,R04
2026-02-10,84.28309631347656,P007,R04
2026-02-11,79.83802032470703,P007,R04
2026-02-12,86.88485717773438,P007,R04
2026-02-13,91.71781921386719,P007,R04
2026-02-14,90.95245361328125,P007,R04
2026-02-15,90.55830383300781,P007,R04
2026-02-16,84.96825408935547,P007,R04
2026-02-17,87.00990295410156,P007,R04
2026-02-18,87.96234893798828,P007,R04
2026-02-19,111.72740936279297,P007,R04
2026-02-20,94.1074447631836,P007,R04
2026-02-21,95.42793273925781,P007,R04
2026-02-22,92.48553466796875,P007,R04
2026-02-23,85.48878479003906,P007,R04
2026-02-24,86.73251342773438,P007,R04
2026-02-25,88.06184387207031,P007,R04
2026-02-26,86.34848022460938,P007,R04
2026-02-27,102.37115478515625,P007,R04
2026-02-28,94.58771514892578,P007,R04
2026-02-01,80.05921173095703,P007,R05
2026-02-02,72.1710433959961,P007,R05
2026-02-03,73.06914520263672,P007,R05
2026-02-04,72.86375427246094,P007,R05
2026-02-05,74.85243225097656,P007,R05
2026-02-06,79.927978515625,P007,R05
2026-02-07,82.04752349853516,P007,R05
2026-02-08,79.68025207519531,P007,R05
2026-02-09,73.40606689453125,P007,R05
2026-02-10,79.34835052490234,P007,R05
2026-02-11,82.47828674316406,P007,R05
2026-02-12,76.93926239013672,P007,R05
2026-02-13,78.57974243164062,P007,R05
2026-02-14,80.95144653320312,P007,R05
2026-02-15,82.13496398925781,P007,R05
2026-02-16,72.83855438232422,P007,R05
2026-02-17,78.23226928710938,P007,R05
2026-02-18,78.34011840820312,P007,R05
2026-02-19,77.7838363647461,P007,R05
2026-02-20,78.32852172851562,P007,R05
2026-02-21,83.39651489257812,P007,R05
2026-02-22,81.6932144165039,P007,R05
2026-02-23,72.79212951660156,P007,R05
2026-02-24,76.71278381347656,P007,R05
2026-02-25,80.61492156982422,P007,R05
2026-02-26,77.38494873046875,P007,R05
2026-02-27,79.80533599853516,P007,R05
2026-02-28,83.24357604980469,P007,R05
2026-02-01,102.18447875976562,P008,R01
2026-02-02,92.56541442871094,P008,R01
2026-02-03,97.86714935302734,P008,R01
2026-02-04,97.94642639160156,P008,R01
2026-02-05,98.90987396240234,P008,R01
2026-02-06,103.01924896240234,P008,R01
2026-02-07,105.37906646728516,P008,R01
2026-02-08,110.83618927001953,P008,R01
2026-02-09,97.73106384277344,P008,R01
2026-02-10,102.5179214477539,P008,R01
2026-02-11,107.88671112060547,P008,R01
2026-02-12,105.84996032714844,P008,R01
2026-02-13,113.55529022216797,P008,R01
2026-02-14,117.42536926269531,P008,R01
2026-02-15,106.67845916748047,P008,R01
2026-02-16,99.54361724853516,P008,R01
2026-02-17,104.30006408691406,P008,R01
2026-02-18,102.63475799560547,P008,R01
2026-02-19,109.77593994140625,P008,R01
2026-02-20,106.33377838134766,P008,R01
2026-02-21,107.27725982666016,P008,R01
2026-02-22,118.3927001953125,P008,R01
2026-02-23,105.79641723632812,P008,R01
2026-02-24,103.56436920166016,P008,R01
2026-02-25,100.28230285644531,P008,R01
2026-02-26,103.19667053222656,P008,R01
2026-02-27,107.0987548828125,P008,R01
2026-02-28,113.49774932861328,P008,R01
2026-02-01,119.68205261230469,P008,R02
2026-02-02,104.16098022460938,P008,R02
2026-02-03,111.89240264892578,P008,R02
2026-02-04,112.77568817138672,P008,R02
2026-02-05,115.32337951660156,P008,R02
2026-02-06,114.00370025634766,P008,R02
2026-02-07,118.45116424560547,P008,R02
2026-02-08,122.58258819580078,P008,R02
2026-02-09,111.16442108154297,P008,R02
2026-02-10,120.20857238769531,P008,R02
2026-02-11,113.9534912109375,P008,R02
2026-02-12,125.63629913330078,P008,R02
2026-02-13,119.2358169555664,P008,R02
2026-02-14,122.29459381103516,P008,R02
2026-02-15,123.21368408203125,P008,R02
2026-02-16,108.30047607421875,P008,R02
2026-02-17,102.77570343017578,P008,R02
2026-02-18,106.96900177001953,P008,R02
2026-02-19,110.57274627685547,P008,R02
2026-02-20,119.31918334960938,P008,R02
2026-02-21,124.06002807617188,P008,R02
2026-02-22,127.1974868774414,P008,R02
2026-02-23,106.30947875976562,P008,R02
2026-02-24,114.00820922851562,P008,R02
2026-02-25,115.05501556396484,P008,R02
2026-02-26,120.60343933105469,P008,R02
2026-02-27,111.76194763183594,P008,R02
2026-02-28,123.18278503417969,P008,R02
2026-02-01,112.42121124267578,P008,R03
2026-02-02,107.01484680175781,P008,R03
2026-02-03,111.98881530761719,P008,R03
2026-02-04,107.29267120361328,P008,R03
2026-02-05,108.87589263916016,P008,R03
2026-02-06,115.43598175048828,P008,R03
2026-02-07,127.77581787109375,P008,R03
2026-02-08,118.55458068847656,P008,R03
2026-02-09,107.04759216308594,P008,R03
2026-02-10,109.13382720947266,P008,R03
2026-02-11,111.88023376464844,P008,R03
2026-02-12,116.86266326904297,P008,R03
2026-02-13,118.95722198486328,P008,R03
2026-02-14,126.91165924072266,P008,R03
2026-02-15,122.80288696289062,P008,R03
2026-02-16,108.27123260498047,P008,R03
2026-02-17,111.45390319824219,P008,R03
2026-02-18,117.00300598144531,P008,R03
2026-02-19,121.21390533447266,P008,R03
2026-02-20,116.94859313964844,P008,R03
2026-02-21,127.19073486328125,P008,R03
2026-02-22,120.19568634033203,P008,R03
2026-02-23,111.94234466552734,P008,R03
2026-02-24,105.80783081054688,P008,R03
2026-02-25,106.98582458496094,P008,R03
2026-02-26,118.07119750976562,P008,R03
2026-02-27,116.87886047363281,P008,R03
2026-02-28,121.51660919189453,P008,R03
2026-02-01,114.91834259033203,P008,R04
2026-02-02,96.26766967773438,P008,R04
2026-02-03,96.683837890625,P008,R04
2026-02-04,99.1949462890625,P008,R04
2026-02-05,97.48949432373047,P008,R04
2026-02-06,102.89356994628906,P008,R04
2026-02-07,104.70872497558594,P008,R04
2026-02-08,102.18570709228516,P008,R04
2026-02-09,101.01641082763672,P008,R04
2026-02-10,107.23786163330078,P008,R04
2026-02-11,106.78010559082031,P008,R04
2026-02-12,109.25476837158203,P008,R04
2026-02-13,116.295654296875,P008,R04
2026-02-14,110.89183807373047,P008,R04
2026-02-15,96.64824676513672,P008,R04
2026-02-16,100.73865509033203,P008,R04
2026-02-17,106.55946350097656,P008,R04
2026-02-18,102.68372344970703,P008,R04
2026-02-19,105.06536865234375,P008,R04
2026-02-20,104.36323547363281,P008,R04
2026-02-21,111.92150115966797,P008,R04
2026-02-22,110.22062683105469,P008,R04
2026-02-23,108.94219207763672,P008,R04
2026-02-24,111.56869506835938,P008,R04
2026-02-25,107.59998321533203,P008,R04
2026-02-26,108.44325256347656,P008,R04
2026-02-27,113.52043914794922,P008,R04
2026-02-28,120.89812469482422,P008,R04
2026-02-01,107.96175384521484,P008,R05
2026-02-02,95.11121368408203,P008,R05
2026-02-03,99.02613830566406,P008,R05
2026-02-04,101.32890319824219,P008,R05
2026-02-05,104.23289489746094,P008,R05
2026-02-06,105.23914337158203,P008,R05
2026-02-07,113.57521057128906,P008,R05
2026-02-08,110.68207550048828,P008,R05
2026-02-09,100.75054931640625,P008,R05
2026-02-10,103.63772583007812,P008,R05
2026-02-11,106.56512451171875,P008,R05
2026-02-12,108.7320785522461,P008,R05
2026-02-13,116.44905853271484,P008,R05
2026-02-14,113.6181411743164,P008,R05
2026-02-15,117.52749633789062,P008,R05
2026-02-16,105.80310821533203,P008,R05
2026-02-17,97.46390533447266,P008,R05
2026-02-18,107.53410339355469,P008,R05
2026-02-19,103.59368896484375,P008,R05
2026-02-20,103.01386260986328,P008,R05
2026-02-21,108.06681823730469,P008,R05
2026-02-22,106.4144058227539,P008,R05
2026-02-23,104.9825210571289,P008,R05
2026-02-24,111.87419891357422,P008,R05
2026-02-25,108.32735443115234,P008,R05
2026-02-26,109.960205078125,P008,R05
2026-02-27,113.75629425048828,P008,R05
2026-02-28,116.24755859375,P008,R05
2026-02-01,94.98356628417969,P009,R01
2026-02-02,85.20510864257812,P009,R01
2026-02-03,92.45736694335938,P009,R01
2026-02-04,90.0595703125,P009,R01
2026-02-05,89.20965576171875,P009,R01
2026-02-06,97.09942626953125,P009,R01
2026-02-07,99.70545196533203,P009,R01
2026-02-08,99.43585968017578,P009,R01
2026-02-09,87.41851806640625,P009,R01
2026-02-10,95.81391906738281,P009,R01
2026-02-11,93.75220489501953,P009,R01
2026-02-12,99.4296646118164,P009,R01
2026-02-13,106.59247589111328,P009,R01
2026-02-14,104.32238006591797,P009,R01
2026-02-15,103.57046508789062,P009,R01
2026-02-16,92.85113525390625,P009,R01
2026-02-17,103.20814514160156,P009,R01
2026-02-18,101.76619720458984,P009,R01
2026-02-19,102.0534439086914,P009,R01
2026-02-20,109.76201629638672,P009,R01
2026-02-21,113.04345703125,P009,R01
2026-02-22,112.36597442626953,P009,R01
2026-02-23,100.52822875976562,P009,R01
2026-02-24,104.10902404785156,P009,R01
2026-02-25,102.56661987304688,P009,R01
2026-02-26,101.68060302734375,P009,R01
2026-02-27,104.36099243164062,P009,R01
2026-02-28,103.52191925048828,P009,R01
2026-02-01,109.26714324951172,P009,R02
2026-02-02,97.45197296142578,P009,R02
2026-02-03,99.07302856445312,P009,R02
2026-02-04,98.39678955078125,P009,R02
2026-02-05,105.43310546875,P009,R02
2026-02-06,113.58069610595703,P009,R02
2026-02-07,113.59548950195312,P009,R02
2026-02-08,115.50696563720703,P009,R02
2026-02-09,98.68756103515625,P009,R02
2026-02-10,106.10796356201172,P009,R02
2026-02-11,104.49818420410156,P009,R02
2026-02-12,112.61421966552734,P009,R02
2026-02-13,117.76313018798828,P009,R02
2026-02-14,118.49098205566406,P009,R02
2026-02-15,119.13017272949219,P009,R02
2026-02-16,100.19010162353516,P009,R02
2026-02-17,106.60194396972656,P009,R02
2026-02-18,109.43580627441406,P009,R02
2026-02-19,112.57427978515625,P009,R02
2026-02-20,117.04004669189453,P009,R02
2026-02-21,116.19161224365234,P009,R02
2026-02-22,116.6661605834961,P009,R02
2026-02-23,107.01972961425781,P009,R02
2026-02-24,100.82417297363281,P009,R02
2026-02-25,105.93550872802734,P009,R02
2026-02-26,110.396240234375,P009,R02
2026-02-27,115.08268737792969,P009,R02
2026-02-28,117.64240264892578,P009,R02
2026-02-01,104.2418441772461,P009,R03
2026-02-02,95.73698425292969,P009,R03
2026-02-03,95.37915802001953,P009,R03
2026-02-04,98.93245697021484,P009,R03
2026-02-05,99.99456787109375,P009,R03
2026-02-06,105.35081481933594,P009,R03
2026-02-07,113.32832336425781,P009,R03
2026-02-08,110.7252426147461,P009,R03
2026-02-09,94.45447540283203,P009,R03
2026-02-10,100.90519714355469,P009,R03
2026-02-11,102.37366485595703,P009,R03
2026-02-12,105.79680633544922,P009,R03
2026-02-13,114.5589828491211,P009,R03
2026-02-14,113.19609832763672,P009,R03
2026-02-15,115.26561737060547,P009,R03
2026-02-16,95.87159729003906,P009,R03
2026-02-17,101.72657775878906,P009,R03
2026-02-18,104.76126098632812,P009,R03
2026-02-19,107.15343475341797,P009,R03
2026-02-20,106.10353088378906,P009,R03
2026-02-21,110.93627166748047,P009,R03
2026-02-22,111.81144714355469,P009,R03
2026-02-23,101.83027648925781,P009,R03
2026-02-24,108.28578186035156,P009,R03
2026-02-25,108.63672637939453,P009,R03
2026-02-26,109.17216491699219,P009,R03
2026-02-27,114.8848648071289,P009,R03
2026-02-28,120.43350219726562,P009,R03
2026-02-01,100.48367309570312,P009,R04
2026-02-02,90.56500244140625,P009,R04
2026-02-03,94.34983825683594,P009,R04
2026-02-04,97.09319305419922,P009,R04
2026-02-05,100.17247009277344,P009,R04
2026-02-06,104.41117095947266,P009,R04
2026-02-07,107.73977661132812,P009,R04
2026-02-08,107.48838806152344,P009,R04
2026-02-09,95.54985809326172,P009,R04
2026-02-10,105.8441390991211,P009,R04
2026-02-11,105.4618911743164,P009,R04
2026-02-12,107.50196838378906,P009,R04
2026-02-13,110.66679382324219,P009,R04
2026-02-14,120.66443634033203,P009,R04
2026-02-15,109.9513931274414,P009,R04
2026-02-16,96.3154067993164,P009,R04
2026-02-17,106.46273040771484,P009,R04
2026-02-18,113.0528793334961,P009,R04
2026-02-19,110.43445587158203,P009,R04
2026-02-20,115.86981201171875,P009,R04
2026-02-21,122.37220001220703,P009,R04
2026-02-22,119.99093627929688,P009,R04
2026-02-23,97.61410522460938,P009,R04
2026-02-24,107.85871124267578,P009,R04
2026-02-25,101.71161651611328,P009,R04
2026-02-26,103.26154327392578,P009,R04
2026-02-27,103.38876342773438,P009,R04
2026-02-28,105.42679595947266,P009,R04
2026-02-01,94.99138641357422,P009,R05
2026-02-02,82.951904296875,P009,R05
2026-02-03,85.00032043457031,P009,R05
2026-02-04,85.22197723388672,P009,R05
2026-02-05,90.33065032958984,P009,R05
2026-02-06,94.94752502441406,P009,R05
2026-02-07,93.62554168701172,P009,R05
2026-02-08,94.45514678955078,P009,R05
2026-02-09,85.7256851196289,P009,R05
2026-02-10,87.43638610839844,P009,R05
2026-02-11,94.47362518310547,P009,R05
2026-02-12,119.49618530273438,P009,R05
2026-02-13,94.8587875366211,P009,R05
2026-02-14,97.3278579711914,P009,R05
2026-02-15,97.0599365234375,P009,R05
2026-02-16,83.70814514160156,P009,R05
2026-02-17,88.60733032226562,P009,R05
2026-02-18,89.28657531738281,P009,R05
2026-02-19,89.93975830078125,P009,R05
2026-02-20,100.56185913085938,P009,R05
2026-02-21,102.62499237060547,P009,R05
2026-02-22,95.84566497802734,P009,R05
2026-02-23,84.98060607910156,P009,R05
2026-02-24,87.2583999633789,P009,R05
2026-02-25,90.45135498046875,P009,R05
2026-02-26,93.2526626586914,P009,R05
2026-02-27,97.89561462402344,P009,R05
2026-02-28,99.3527603149414,P009,R05
2026-02-01,111.6935806274414,P010,R01
2026-02-02,105.25471496582031,P010,R01
2026-02-03,105.86212921142578,P010,R01
2026-02-04,104.93205261230469,P010,R01
2026-02-05,107.62867736816406,P010,R01
2026-02-06,106.77052307128906,P010,R01
2026-02-07,120.23261260986328,P010,R01
2026-02-08,105.5710678100586,P010,R01
2026-02-09,100.50381469726562,P010,R01
2026-02-10,108.20323181152344,P010,R01
2026-02-11,121.02054595947266,P010,R01
2026-02-12,119.16515350341797,P010,R01
2026-02-13,116.76741790771484,P010,R01
2026-02-14,111.69171142578125,P010,R01
2026-02-15,119.64501190185547,P010,R01
2026-02-16,111.42388153076172,P010,R01
2026-02-17,112.4931640625,P010,R01
2026-02-18,121.57054138183594,P010,R01
2026-02-19,121.06648254394531,P010,R01
2026-02-20,120.59540557861328,P010,R01
2026-02-21,126.889404296875,P010,R01
2026-02-22,119.93251037597656,P010,R01
2026-02-23,104.59054565429688,P010,R01
2026-02-24,108.39418029785156,P010,R01
2026-02-25,104.04789733886719,P010,R01
2026-02-26,108.72916412353516,P010,R01
2026-02-27,113.13886260986328,P010,R01
2026-02-28,121.7686767578125,P010,R01
2026-02-01,140.6797637939453,P010,R02
2026-02-02,124.05631256103516,P010,R02
2026-02-03,122.97931671142578,P010,R02
2026-02-04,126.8796157836914,P010,R02
2026-02-05,134.62155151367188,P010,R02
2026-02-06,124.56736755371094,P010,R02
2026-02-07,152.74961853027344,P010,R02
2026-02-08,128.05490112304688,P010,R02
2026-02-09,111.41976165771484,P010,R02
2026-02-10,116.50370788574219,P010,R02
2026-02-11,119.05006408691406,P010,R02
2026-02-12,130.49559020996094,P010,R02
2026-02-13,127.66807556152344,P010,R02
2026-02-14,137.26600646972656,P010,R02
2026-02-15,123.23075866699219,P010,R02
2026-02-16,113.0555191040039,P010,R02
2026-02-17,109.23670196533203,P010,R02
2026-02-18,115.92071533203125,P010,R02
2026-02-19,115.61280822753906,P010,R02
2026-02-20,121.77034759521484,P010,R02
2026-02-21,131.16537475585938,P010,R02
2026-02-22,122.29633331298828,P010,R02
2026-02-23,102.42832946777344,P010,R02
2026-02-24,117.60519409179688,P010,R02
2026-02-25,114.9926986694336,P010,R02
2026-02-26,108.6941146850586,P010,R02
2026-02-27,121.05472564697266,P010,R02
2026-02-28,124.23210906982422,P010,R02
2026-02-01,130.6734161376953,P010,R03
2026-02-02,113.3038330078125,P010,R03
2026-02-03,118.65003967285156,P010,R03
2026-02-04,123.85951232910156,P010,R03
2026-02-05,113.9906005859375,P010,R03
2026-02-06,126.52545166015625,P010,R03
2026-02-07,122.90412902832031,P010,R03
2026-02-08,128.17919921875,P010,R03
2026-02-09,116.14575958251953,P010,R03
2026-02-10,119.95301818847656,P010,R03
2026-02-11,121.92906951904297,P010,R03
2026-02-12,124.59984588623047,P010,R03
2026-02-13,130.17990112304688,P010,R03
2026-02-14,127.63909149169922,P010,R03
2026-02-15,125.55403900146484,P010,R03
2026-02-16,114.76367950439453,P010,R03
2026-02-17,117.51117706298828,P010,R03
2026-02-18,112.7483139038086,P010,R03
2026-02-19,114.43976593017578,P010,R03
2026-02-20,119.13569641113281,P010,R03
2026-02-21,121.52751922607422,P010,R03
2026-02-22,129.19308471679688,P010,R03
2026-02-23,101.14325714111328,P010,R03
2026-02-24,118.0806655883789,P010,R03
2026-02-25,111.04407501220703,P010,R03
2026-02-26,112.47647857666016,P010,R03
2026-02-27,117.53160095214844,P010,R03
2026-02-28,129.28944396972656,P010,R03
2026-02-01,123.85142517089844,P010,R04
2026-02-02,107.49018096923828,P010,R04
2026-02-03,109.76333618164062,P010,R04
2026-02-04,114.31314086914062,P010,R04
2026-02-05,115.89247131347656,P010,R04
2026-02-06,121.61224365234375,P010,R04
2026-02-07,127.87385559082031,P010,R04
2026-02-08,124.31689453125,P010,R04
2026-02-09,111.30927276611328,P010,R04
2026-02-10,119.052734375,P010,R04
2026-02-11,119.85588836669922,P010,R04
2026-02-12,120.38711547851562,P010,R04
2026-02-13,126.12316131591797,P010,R04
2026-02-14,129.89210510253906,P010,R04
2026-02-15,126.92619323730469,P010,R04
2026-02-16,111.56441497802734,P010,R04
2026-02-17,113.31953430175781,P010,R04
2026-02-18,115.63225555419922,P010,R04
2026-02-19,120.2345199584961,P010,R04
2026-02-20,117.35992431640625,P010,R04
2026-02-21,124.94397735595703,P010,R04
2026-02-22,125.34107208251953,P010,R04
2026-02-23,110.59876251220703,P010,R04
2026-02-24,109.06365203857422,P010,R04
2026-02-25,112.26277923583984,P010,R04
2026-02-26,117.83934020996094,P010,R04
2026-02-27,121.61412048339844,P010,R04
2026-02-28,123.38004302978516,P010,R04
2026-02-01,140.20513916015625,P010,R05
2026-02-02,110.49481964111328,P010,R05
2026-02-03,118.3194808959961,P010,R05
2026-02-04,124.31898498535156,P010,R05
2026-02-05,125.03851318359375,P010,R05
2026-02-06,129.62046813964844,P010,R05
2026-02-07,143.0842742919922,P010,R05
2026-02-08,137.39990234375,P010,R05
2026-02-09,118.05782318115234,P010,R05
2026-02-10,113.92066192626953,P010,R05
2026-02-11,120.07810974121094,P010,R05
2026-02-12,117.7130355834961,P010,R05
2026-02-13,121.80794525146484,P010,R05
2026-02-14,141.72117614746094,P010,R05
2026-02-15,139.77267456054688,P010,R05
2026-02-16,121.51602172851562,P010,R05
2026-02-17,115.0544204711914,P010,R05
2026-02-18,122.82618713378906,P010,R05
2026-02-19,119.62635803222656,P010,R05
2026-02-20,123.79417419433594,P010,R05
2026-02-21,145.31088256835938,P010,R05
2026-02-22,140.17909240722656,P010,R05
2026-02-23,119.00240325927734,P010,R05
2026-02-24,122.17538452148438,P010,R05
2026-02-25,117.0450439453125,P010,R05
2026-02-26,117.5088882446289,P010,R05
2026-02-27,118.7748794555664,P010,R05
2026-02-28,141.16970825195312,P010,R05
2026-02-01,26.36186408996582,P011,R01
2026-02-02,23.370403289794922,P011,R01
2026-02-03,23.34408950805664,P011,R01
2026-02-04,23.571462631225586,P011,R01
2026-02-05,24.28769874572754,P011,R01
2026-02-06,25.172258377075195,P011,R01
2026-02-07,27.0098819732666,P011,R01
2026-02-08,26.36186408996582,P011,R01
2026-02-09,23.24115562438965,P011,R01
2026-02-10,23.354272842407227,P011,R01
2026-02-11,23.624374389648438,P011,R01
2026-02-12,24.166772842407227,P011,R01
2026-02-13,25.203310012817383,P011,R01
2026-02-14,26.64983367919922,P011,R01
2026-02-15,26.36186408996582,P011,R01
2026-02-16,22.95760154724121,P011,R01
2026-02-17,23.011953353881836,P011,R01
2026-02-18,23.443092346191406,P011,R01
2026-02-19,23.985490798950195,P011,R01
2026-02-20,24.96322250366211,P011,R01
2026-02-21,26.739028930664062,P011,R01
2026-02-22,26.32671546936035,P011,R01
2026-02-23,22.709789276123047,P011,R01
2026-02-24,23.261568069458008,P011,R01
2026-02-25,23.53166961669922,P011,R01
2026-02-26,23.769500732421875,P011,R01
2026-02-27,24.860950469970703,P011,R01
2026-02-28,26.84130096435547,P011,R01
2026-02-01,29.69258689880371,P011,R02
2026-02-02,25.524869918823242,P011,R02
2026-02-03,26.44754981994629,P011,R02
2026-02-04,26.616134643554688,P011,R02
2026-02-05,27.572219848632812,P011,R02
2026-02-06,29.090349197387695,P011,R02
2026-02-07,30.06292724609375,P011,R02
2026-02-08,29.58588409423828,P011,R02
2026-02-09,25.546154022216797,P011,R02
2026-02-10,26.399147033691406,P011,R02
2026-02-11,27.192964553833008,P011,R02
2026-02-12,27.662355422973633,P011,R02
2026-02-13,29.18669891357422,P011,R02
2026-02-14,30.098283767700195,P011,R02
2026-02-15,29.644691467285156,P011,R02
2026-02-16,25.121801376342773,P011,R02
2026-02-17,25.629819869995117,P011,R02
2026-02-18,25.87923812866211,P011,R02
2026-02-19,26.924470901489258,P011,R02
2026-02-20,28.212312698364258,P011,R02
2026-02-21,29.648744583129883,P011,R02
2026-02-22,29.609542846679688,P011,R02
2026-02-23,25.121801376342773,P011,R02
2026-02-24,26.311037063598633,P011,R02
2026-02-25,26.4820556640625,P011,R02
2026-02-26,26.855833053588867,P011,R02
2026-02-27,27.392093658447266,P011,R02
2026-02-28,28.783924102783203,P011,R02
2026-02-01,28.145248413085938,P011,R03
2026-02-02,24.223392486572266,P011,R03
2026-02-03,24.799367904663086,P011,R03
2026-02-04,25.111717224121094,P011,R03
2026-02-05,26.439937591552734,P011,R03
2026-02-06,27.570741653442383,P011,R03
2026-02-07,28.566818237304688,P011,R03
2026-02-08,28.304487228393555,P011,R03
2026-02-09,24.924657821655273,P011,R03
2026-02-10,26.010250091552734,P011,R03
2026-02-11,26.050798416137695,P011,R03
2026-02-12,27.148624420166016,P011,R03
2026-02-13,28.713533401489258,P011,R03
2026-02-14,30.241214752197266,P011,R03
2026-02-15,29.38358497619629,P011,R03
2026-02-16,25.458044052124023,P011,R03
2026-02-17,27.524377822875977,P011,R03
2026-02-18,26.643905639648438,P011,R03
2026-02-19,27.186336517333984,P011,R03
2026-02-20,28.74300193786621,P011,R03
2026-02-21,29.707551956176758,P011,R03
2026-02-22,29.25395965576172,P011,R03
2026-02-23,25.01202392578125,P011,R03
2026-02-24,25.886516571044922,P011,R03
2026-02-25,25.81060028076172,P011,R03
2026-02-26,26.924470901489258,P011,R03
2026-02-27,28.590913772583008,P011,R03
2026-02-28,28.842731475830078,P011,R03
2026-02-01,27.55961036682129,P011,R04
2026-02-02,24.394012451171875,P011,R04
2026-02-03,24.910964965820312,P011,R04
2026-02-04,25.176746368408203,P011,R04
2026-02-05,26.41012954711914,P011,R04
2026-02-06,27.4529972076416,P011,R04
2026-02-07,28.720537185668945,P011,R04
2026-02-08,28.431264877319336,P011,R04
2026-02-09,24.95387840270996,P011,R04
2026-02-10,25.827709197998047,P011,R04
2026-02-11,26.23933982849121,P011,R04
2026-02-12,27.096031188964844,P011,R04
2026-02-13,28.831111907958984,P011,R04
2026-02-14,29.615798950195312,P011,R04
2026-02-15,29.230300903320312,P011,R04
2026-02-16,25.01202392578125,P011,R04
2026-02-17,25.571054458618164,P011,R04
2026-02-18,26.643905639648438,P011,R04
2026-02-19,27.521652221679688,P011,R04
2026-02-20,28.74300193786621,P011,R04
2026-02-21,29.70973777770996,P011,R04
2026-02-22,29.332239151000977,P011,R04
2026-02-23,24.962432861328125,P011,R04
2026-02-24,25.477731704711914,P011,R04
2026-02-25,25.81060028076172,P011,R04
2026-02-26,26.306968688964844,P011,R04
2026-02-27,27.392093658447266,P011,R04
2026-02-28,28.842731475830078,P011,R04
2026-02-01,27.519638061523438,P011,R05
2026-02-02,23.90547752380371,P011,R05
2026-02-03,24.451650619506836,P011,R05
2026-02-04,24.69864845275879,P011,R05
2026-02-05,25.8239803314209,P011,R05
2026-02-06,26.900222778320312,P011,R05
2026-02-07,27.87990379333496,P011,R05
2026-02-08,27.814149856567383,P011,R05
2026-02-09,24.31161117553711,P011,R05
2026-02-10,24.79901885986328,P011,R05
2026-02-11,25.27403450012207,P011,R05
2026-02-12,26.44767189025879,P011,R05
2026-02-13,27.311594009399414,P011,R05
2026-02-14,29.023679733276367,P011,R05
2026-02-15,28.135875701904297,P011,R05
2026-02-16,24.336103439331055,P011,R05
2026-02-17,24.88227653503418,P011,R05
2026-02-18,25.215145111083984,P011,R05
2026-02-19,26.064279556274414,P011,R05
2026-02-20,26.784149169921875,P011,R05
2026-02-21,27.91499137878418,P011,R05
2026-02-22,28.159536361694336,P011,R05
2026-02-23,24.432769775390625,P011,R05
2026-02-24,24.76967430114746,P011,R05
2026-02-25,25.043777465820312,P011,R05
2026-02-26,26.306968688964844,P011,R05
2026-02-27,27.392093658447266,P011,R05
2026-02-28,29.06270408630371,P011,R05
2026-02-01,62.672603607177734,P012,R01
2026-02-02,54.45792007446289,P012,R01
2026-02-03,54.312652587890625,P012,R01
2026-02-04,56.68422317504883,P012,R01
2026-02-05,58.26552963256836,P012,R01
2026-02-06,60.22029495239258,P012,R01
2026-02-07,61.9901008605957,P012,R01
2026-02-08,61.84130859375,P012,R01
2026-02-09,54.41499710083008,P012,R01
2026-02-10,55.14999771118164,P012,R01
2026-02-11,56.67366027832031,P012,R01
2026-02-12,57.98789596557617,P012,R01
2026-02-13,59.46706008911133,P012,R01
2026-02-14,61.84040832519531,P012,R01
2026-02-15,61.77677536010742,P012,R01
2026-02-16,54.32713317871094,P012,R01
2026-02-17,55.91952896118164,P012,R01
2026-02-18,57.42604446411133,P012,R01
2026-02-19,57.858367919921875,P012,R01
2026-02-20,60.14430618286133,P012,R01
2026-02-21,62.52482604980469,P012,R01
2026-02-22,61.7879753112793,P012,R01
2026-02-23,54.783321380615234,P012,R01
2026-02-24,55.05916976928711,P012,R01
2026-02-25,56.3961296081543,P012,R01
2026-02-26,57.920562744140625,P012,R01
2026-02-27,59.793418884277344,P012,R01
2026-02-28,63.2362060546875,P012,R01
2026-02-01,75.25768280029297,P012,R02
2026-02-02,66.12797546386719,P012,R02
2026-02-03,69.38343811035156,P012,R02
2026-02-04,70.632568359375,P012,R02
2026-02-05,70.24835968017578,P012,R02
2026-02-06,72.09612274169922,P012,R02
2026-02-07,80.57801818847656,P012,R02
2026-02-08,73.95709228515625,P012,R02
2026-02-09,66.69158172607422,P012,R02
2026-02-10,69.36322784423828,P012,R02
2026-02-11,70.59296417236328,P012,R02
2026-02-12,71.70124053955078,P012,R02
2026-02-13,73.60504913330078,P012,R02
2026-02-14,75.72356414794922,P012,R02
2026-02-15,74.92124938964844,P012,R02
2026-02-16,65.94806671142578,P012,R02
2026-02-17,69.44702911376953,P012,R02
2026-02-18,70.8439712524414,P012,R02
2026-02-19,70.6184310913086,P012,R02
2026-02-20,73.93582916259766,P012,R02
2026-02-21,79.22886657714844,P012,R02
2026-02-22,73.91952514648438,P012,R02
2026-02-23,65.85670471191406,P012,R02
2026-02-24,68.3067398071289,P012,R02
2026-02-25,70.19889068603516,P012,R02
2026-02-26,70.97993469238281,P012,R02
2026-02-27,72.80227661132812,P012,R02
2026-02-28,76.21315002441406,P012,R02
2026-02-01,67.14936828613281,P012,R03
2026-02-02,61.166412353515625,P012,R03
2026-02-03,64.39649200439453,P012,R03
2026-02-04,62.635868072509766,P012,R03
2026-02-05,63.86518096923828,P012,R03
2026-02-06,64.58213806152344,P012,R03
2026-02-07,67.0225601196289,P012,R03
2026-02-08,67.14442443847656,P012,R03
2026-02-09,59.717952728271484,P012,R03
2026-02-10,60.52616500854492,P012,R03
2026-02-11,61.278316497802734,P012,R03
2026-02-12,63.06619644165039,P012,R03
2026-02-13,64.16365814208984,P012,R03
2026-02-14,67.14453887939453,P012,R03
2026-02-15,66.6661148071289,P012,R03
2026-02-16,56.89330291748047,P012,R03
2026-02-17,59.78197479248047,P012,R03
2026-02-18,60.73316955566406,P012,R03
2026-02-19,62.43494415283203,P012,R03
2026-02-20,63.881221771240234,P012,R03
2026-02-21,67.05005645751953,P012,R03
2026-02-22,66.99192810058594,P012,R03
2026-02-23,59.06342697143555,P012,R03
2026-02-24,59.2272834777832,P012,R03
2026-02-25,60.013427734375,P012,R03
2026-02-26,62.508087158203125,P012,R03
2026-02-27,63.87318420410156,P012,R03
2026-02-28,67.01387786865234,P012,R03
2026-02-01,66.0733642578125,P012,R04
2026-02-02,58.33979415893555,P012,R04
2026-02-03,60.358306884765625,P012,R04
2026-02-04,61.123260498046875,P012,R04
2026-02-05,63.56614303588867,P012,R04
2026-02-06,64.85627746582031,P012,R04
2026-02-07,67.62571716308594,P012,R04
2026-02-08,67.06895446777344,P012,R04
2026-02-09,57.10547637939453,P012,R04
2026-02-10,59.83417510986328,P012,R04
2026-02-11,60.961936950683594,P012,R04
2026-02-12,61.803977966308594,P012,R04
2026-02-13,64.28910064697266,P012,R04
2026-02-14,68.85179901123047,P012,R04
2026-02-15,65.91276550292969,P012,R04
2026-02-16,56.266502380371094,P012,R04
2026-02-17,59.24249267578125,P012,R04
2026-02-18,60.071815490722656,P012,R04
2026-02-19,62.255428314208984,P012,R04
2026-02-20,63.08818435668945,P012,R04
2026-02-21,67.122802734375,P012,R04
2026-02-22,66.27359008789062,P012,R04
2026-02-23,57.12106704711914,P012,R04
2026-02-24,59.42951583862305,P012,R04
2026-02-25,60.25883865356445,P012,R04
2026-02-26,62.239681243896484,P012,R04
2026-02-27,63.86779022216797,P012,R04
2026-02-28,67.5738296508789,P012,R04
2026-02-01,68.2789077758789,P012,R05
2026-02-02,56.351802825927734,P012,R05
2026-02-03,59.72038650512695,P012,R05
2026-02-04,58.34219741821289,P012,R05
2026-02-05,60.0472297668457,P012,R05
2026-02-06,62.47197341918945,P012,R05
2026-02-07,64.31794738769531,P012,R05
2026-02-08,65.14134216308594,P012,R05
2026-02-09,56.053733825683594,P012,R05
2026-02-10,57.94401931762695,P012,R05
2026-02-11,59.868751525878906,P012,R05
2026-02-12,60.583717346191406,P012,R05
2026-02-13,61.6811408996582,P012,R05
2026-02-14,66.01425170898438,P012,R05
2026-02-15,66.21121215820312,P012,R05
2026-02-16,56.316585540771484,P012,R05
2026-02-17,58.80638885498047,P012,R05
2026-02-18,59.682411193847656,P012,R05
2026-02-19,61.47371292114258,P012,R05
2026-02-20,62.98087692260742,P012,R05
2026-02-21,66.05743408203125,P012,R05
2026-02-22,65.77589416503906,P012,R05
2026-02-23,56.235599517822266,P012,R05
2026-02-24,58.604896545410156,P012,R05
2026-02-25,59.71767044067383,P012,R05
2026-02-26,61.670379638671875,P012,R05
2026-02-27,62.750205993652344,P012,R05
2026-02-28,66.27299499511719,P012,R05
2026-02-01,90.35520935058594,P013,R01
2026-02-02,80.55582427978516,P013,R01
2026-02-03,80.30416870117188,P013,R01
2026-02-04,81.24295043945312,P013,R01
2026-02-05,84.3934097290039,P013,R01
2026-02-06,86.38507080078125,P013,R01
2026-02-07,87.0421371459961,P013,R01
2026-02-08,101.54451751708984,P013,R01
2026-02-09,75.68617248535156,P013,R01
2026-02-10,80.04295349121094,P013,R01
2026-02-11,82.6396713256836,P013,R01
2026-02-12,86.28328704833984,P013,R01
2026-02-13,86.7582015991211,P013,R01
2026-02-14,89.52848815917969,P013,R01
2026-02-15,90.66888427734375,P013,R01
2026-02-16,78.68036651611328,P013,R01
2026-02-17,82.89556121826172,P013,R01
2026-02-18,84.19918823242188,P013,R01
2026-02-19,119.7513656616211,P013,R01
2026-02-20,91.29059600830078,P013,R01
2026-02-21,93.92493438720703,P013,R01
2026-02-22,93.08958435058594,P013,R01
2026-02-23,80.8164291381836,P013,R01
2026-02-24,84.09613800048828,P013,R01
2026-02-25,88.36768341064453,P013,R01
2026-02-26,90.25923919677734,P013,R01
2026-02-27,95.56645965576172,P013,R01
2026-02-28,94.16680145263672,P013,R01
2026-02-01,119.68268585205078,P013,R02
2026-02-02,110.93177795410156,P013,R02
2026-02-03,112.29692077636719,P013,R02
2026-02-04,118.1341323852539,P013,R02
2026-02-05,118.90309143066406,P013,R02
2026-02-06,116.19689178466797,P013,R02
2026-02-07,131.2471923828125,P013,R02
2026-02-08,119.92192077636719,P013,R02
2026-02-09,101.72872924804688,P013,R02
2026-02-10,106.66905975341797,P013,R02
2026-02-11,108.87996673583984,P013,R02
2026-02-12,112.11053466796875,P013,R02
2026-02-13,117.55558776855469,P013,R02
2026-02-14,114.54322814941406,P013,R02
2026-02-15,131.87298583984375,P013,R02
2026-02-16,106.44761657714844,P013,R02
2026-02-17,112.97854614257812,P013,R02
2026-02-18,115.20592498779297,P013,R02
2026-02-19,124.1529769897461,P013,R02
2026-02-20,113.0207290649414,P013,R02
2026-02-21,123.68193054199219,P013,R02
2026-02-22,117.88861083984375,P013,R02
2026-02-23,111.20668029785156,P013,R02
2026-02-24,110.4142074584961,P013,R02
2026-02-25,114.95822143554688,P013,R02
2026-02-26,119.87438201904297,P013,R02
2026-02-27,121.97566223144531,P013,R02
2026-02-28,125.53429412841797,P013,R02
2026-02-01,108.94217681884766,P013,R03
2026-02-02,96.25045013427734,P013,R03
2026-02-03,97.220458984375,P013,R03
2026-02-04,96.18709564208984,P013,R03
2026-02-05,102.47322082519531,P013,R03
2026-02-06,111.65257263183594,P013,R03
2026-02-07,111.86994171142578,P013,R03
2026-02-08,111.07836151123047,P013,R03
2026-02-09,97.97251892089844,P013,R03
2026-02-10,103.24280548095703,P013,R03
2026-02-11,102.876953125,P013,R03
2026-02-12,110.00382995605469,P013,R03
2026-02-13,114.89493560791016,P013,R03
2026-02-14,117.48844146728516,P013,R03
2026-02-15,114.62157440185547,P013,R03
2026-02-16,99.48804473876953,P013,R03
2026-02-17,103.19574737548828,P013,R03
2026-02-18,105.6758804321289,P013,R03
2026-02-19,111.50263214111328,P013,R03
2026-02-20,114.83171081542969,P013,R03
2026-02-21,111.00927734375,P013,R03
2026-02-22,113.40717315673828,P013,R03
2026-02-23,103.04088592529297,P013,R03
2026-02-24,102.01446533203125,P013,R03
2026-02-25,103.6734390258789,P013,R03
2026-02-26,98.61199951171875,P013,R03
2026-02-27,108.66142272949219,P013,R03
2026-02-28,108.27472686767578,P013,R03
2026-02-01,96.99019622802734,P013,R04
2026-02-02,84.46662902832031,P013,R04
2026-02-03,83.71907043457031,P013,R04
2026-02-04,85.63066864013672,P013,R04
2026-02-05,87.9903564453125,P013,R04
2026-02-06,94.86583709716797,P013,R04
2026-02-07,96.80305480957031,P013,R04
2026-02-08,96.73080444335938,P013,R04
2026-02-09,84.68083953857422,P013,R04
2026-02-10,93.80693054199219,P013,R04
2026-02-11,97.39205169677734,P013,R04
2026-02-12,99.27278900146484,P013,R04
2026-02-13,100.73320770263672,P013,R04
2026-02-14,101.40177154541016,P013,R04
2026-02-15,100.30362701416016,P013,R04
2026-02-16,89.8128890991211,P013,R04
2026-02-17,99.0179214477539,P013,R04
2026-02-18,113.61444854736328,P013,R04
2026-02-19,103.30177307128906,P013,R04
2026-02-20,103.42817687988281,P013,R04
2026-02-21,108.31314086914062,P013,R04
2026-02-22,99.61671447753906,P013,R04
2026-02-23,93.4177017211914,P013,R04
2026-02-24,93.53375244140625,P013,R04
2026-02-25,89.92401885986328,P013,R04
2026-02-26,95.81875610351562,P013,R04
2026-02-27,101.48368072509766,P013,R04
2026-02-28,101.03083801269531,P013,R04
2026-02-01,84.87000274658203,P013,R05
2026-02-02,73.30216217041016,P013,R05
2026-02-03,76.4031753540039,P013,R05
2026-02-04,79.27119445800781,P013,R05
2026-02-05,76.82484436035156,P013,R05
2026-02-06,80.19022369384766,P013,R05
2026-02-07,88.11177825927734,P013,R05
2026-02-08,84.89192962646484,P013,R05
2026-02-09,73.55221557617188,P013,R05
2026-02-10,78.26882934570312,P013,R05
2026-02-11,80.07124328613281,P013,R05
2026-02-12,82.78736114501953,P013,R05
2026-02-13,84.39663696289062,P013,R05
2026-02-14,85.44278717041016,P013,R05
2026-02-15,85.30145263671875,P013,R05
2026-02-16,72.52161407470703,P013,R05
2026-02-17,76.75757598876953,P013,R05
2026-02-18,78.93225860595703,P013,R05
2026-02-19,80.8237533569336,P013,R05
2026-02-20,83.46841430664062,P013,R05
2026-02-21,85.30303955078125,P013,R05
2026-02-22,84.89530944824219,P013,R05
2026-02-23,73.21333312988281,P013,R05
2026-02-24,79.17671203613281,P013,R05
2026-02-25,79.90930938720703,P013,R05
2026-02-26,82.29167938232422,P013,R05
2026-02-27,83.57632446289062,P013,R05
2026-02-28,86.00769805908203,P013,R05
2026-02-01,33.623443603515625,P014,R01
2026-02-02,29.94319725036621,P014,R01
2026-02-03,31.24378204345703,P014,R01
2026-02-04,31.4446964263916,P014,R01
2026-02-05,32.56313705444336,P014,R01
2026-02-06,34.36988067626953,P014,R01
2026-02-07,34.91627502441406,P014,R01
2026-02-08,34.440284729003906,P014,R01
2026-02-09,31.116899490356445,P014,R01
2026-02-10,31.538042068481445,P014,R01
2026-02-11,32.09406280517578,P014,R01
2026-02-12,32.81801223754883,P014,R01
2026-02-13,34.823673248291016,P014,R01
2026-02-14,35.435638427734375,P014,R01
2026-02-15,35.39326858520508,P014,R01
2026-02-16,30.82189178466797,P014,R01
2026-02-17,31.64211082458496,P014,R01
2026-02-18,32.43011474609375,P014,R01
2026-02-19,33.032325744628906,P014,R01
2026-02-20,34.84154510498047,P014,R01
2026-02-21,36.47853088378906,P014,R01
2026-02-22,36.379207611083984,P014,R01
2026-02-23,31.282930374145508,P014,R01
2026-02-24,32.05057144165039,P014,R01
2026-02-25,32.95907211303711,P014,R01
2026-02-26,33.51971435546875,P014,R01
2026-02-27,35.64720916748047,P014,R01
2026-02-28,36.47853088378906,P014,R01
2026-02-01,40.58261489868164,P014,R02
2026-02-02,36.03547668457031,P014,R02
2026-02-03,37.51084899902344,P014,R02
2026-02-04,39.57461929321289,P014,R02
2026-02-05,39.74518585205078,P014,R02
2026-02-06,40.24870300292969,P014,R02
2026-02-07,41.93663787841797,P014,R02
2026-02-08,41.12533950805664,P014,R02
2026-02-09,36.63037109375,P014,R02
2026-02-10,38.061439514160156,P014,R02
2026-02-11,39.49205780029297,P014,R02
2026-02-12,39.72220993041992,P014,R02
2026-02-13,42.573020935058594,P014,R02
2026-02-14,42.54743957519531,P014,R02
2026-02-15,41.38540267944336,P014,R02
2026-02-16,37.166873931884766,P014,R02
2026-02-17,37.614356994628906,P014,R02
2026-02-18,39.77778625488281,P014,R02
2026-02-19,40.040462493896484,P014,R02
2026-02-20,41.02476501464844,P014,R02
2026-02-21,41.86482620239258,P014,R02
2026-02-22,41.28515625,P014,R02
2026-02-23,38.15675354003906,P014,R02
2026-02-24,39.85395431518555,P014,R02
2026-02-25,40.071311950683594,P014,R02
2026-02-26,40.483646392822266,P014,R02
2026-02-27,42.26776123046875,P014,R02
2026-02-28,42.83686828613281,P014,R02
2026-02-01,39.48641586303711,P014,R03
2026-02-02,34.610984802246094,P014,R03
2026-02-03,35.930606842041016,P014,R03
2026-02-04,37.310546875,P014,R03
2026-02-05,37.44993209838867,P014,R03
2026-02-06,39.525081634521484,P014,R03
2026-02-07,40.44976043701172,P014,R03
2026-02-08,39.73392105102539,P014,R03
2026-02-09,34.54759979248047,P014,R03
2026-02-10,35.15023422241211,P014,R03
2026-02-11,37.343631744384766,P014,R03
2026-02-12,38.90882110595703,P014,R03
2026-02-13,41.999244689941406,P014,R03
2026-02-14,41.424461364746094,P014,R03
2026-02-15,39.73392105102539,P014,R03
2026-02-16,36.19793701171875,P014,R03
2026-02-17,36.8150634765625,P014,R03
2026-02-18,37.87700271606445,P014,R03
2026-02-19,38.35334014892578,P014,R03
2026-02-20,39.64073944091797,P014,R03
2026-02-21,41.46759033203125,P014,R03
2026-02-22,39.69877243041992,P014,R03
2026-02-23,34.868717193603516,P014,R03
2026-02-24,36.736785888671875,P014,R03
2026-02-25,38.7049560546875,P014,R03
2026-02-26,39.217430114746094,P014,R03
2026-02-27,40.83738327026367,P014,R03
2026-02-28,41.64802932739258,P014,R03
2026-02-01,35.77926254272461,P014,R04
2026-02-02,31.944238662719727,P014,R04
2026-02-03,32.420318603515625,P014,R04
2026-02-04,32.6967887878418,P014,R04
2026-02-05,33.318214416503906,P014,R04
2026-02-06,34.9576301574707,P014,R04
2026-02-07,35.72500991821289,P014,R04
2026-02-08,36.63435745239258,P014,R04
2026-02-09,31.71290397644043,P014,R04
2026-02-10,32.593467712402344,P014,R04
2026-02-11,32.76900863647461,P014,R04
2026-02-12,33.50626754760742,P014,R04
2026-02-13,35.341861724853516,P014,R04
2026-02-14,36.16636276245117,P014,R04
2026-02-15,35.87749099731445,P014,R04
2026-02-16,31.745004653930664,P014,R04
2026-02-17,32.53007507324219,P014,R04
2026-02-18,32.95907211303711,P014,R04
2026-02-19,33.51971435546875,P014,R04
2026-02-20,35.64720916748047,P014,R04
2026-02-21,36.36078643798828,P014,R04
2026-02-22,36.31814193725586,P014,R04
2026-02-23,31.850374221801758,P014,R04
2026-02-24,32.635440826416016,P014,R04
2026-02-25,32.95907211303711,P014,R04
2026-02-26,33.51971435546875,P014,R04
2026-02-27,35.64720916748047,P014,R04
2026-02-28,36.47853088378906,P014,R04
2026-02-01,38.12901306152344,P014,R05
2026-02-02,32.56215286254883,P014,R05
2026-02-03,33.28145980834961,P014,R05
2026-02-04,33.874961853027344,P014,R05
2026-02-05,36.62579345703125,P014,R05
2026-02-06,39.210208892822266,P014,R05
2026-02-07,41.27168655395508,P014,R05
2026-02-08,39.73392105102539,P014,R05
2026-02-09,34.54759979248047,P014,R05
2026-02-10,35.501773834228516,P014,R05
2026-02-11,37.343631744384766,P014,R05
2026-02-12,37.487876892089844,P014,R05
2026-02-13,39.24490737915039,P014,R05
2026-02-14,40.4873046875,P014,R05
2026-02-15,39.843345642089844,P014,R05
2026-02-16,34.57970428466797,P014,R05
2026-02-17,35.260616302490234,P014,R05
2026-02-18,37.150508880615234,P014,R05
2026-02-19,37.745208740234375,P014,R05
2026-02-20,40.542110443115234,P014,R05
2026-02-21,41.746700286865234,P014,R05
2026-02-22,39.69877243041992,P014,R05
2026-02-23,34.868717193603516,P014,R05
2026-02-24,35.40756607055664,P014,R05
2026-02-25,37.375736236572266,P014,R05
2026-02-26,37.745208740234375,P014,R05
2026-02-27,39.382022857666016,P014,R05
2026-02-28,40.31711959838867,P014,R05
2026-02-01,29.697813034057617,P015,R01
2026-02-02,25.925886154174805,P015,R01
2026-02-03,27.024555206298828,P015,R01
2026-02-04,27.17156219482422,P015,R01
2026-02-05,27.90143585205078,P015,R01
2026-02-06,29.604887008666992,P015,R01
2026-02-07,30.279430389404297,P015,R01
2026-02-08,29.628311157226562,P015,R01
2026-02-09,26.340559005737305,P015,R01
2026-02-10,27.29021453857422,P015,R01
2026-02-11,27.329219818115234,P015,R01
2026-02-12,28.410221099853516,P015,R01
2026-02-13,29.30912208557129,P015,R01
2026-02-14,29.927997589111328,P015,R01
2026-02-15,28.760103225708008,P015,R01
2026-02-16,25.75789451599121,P015,R01
2026-02-17,26.25689125061035,P015,R01
2026-02-18,26.474529266357422,P015,R01
2026-02-19,27.40410041809082,P015,R01
2026-02-20,27.926469802856445,P015,R01
2026-02-21,29.79202651977539,P015,R01
2026-02-22,29.2186336517334,P015,R01
2026-02-23,25.724994659423828,P015,R01
2026-02-24,26.174503326416016,P015,R01
2026-02-25,26.382863998413086,P015,R01
2026-02-26,27.98018455505371,P015,R01
2026-02-27,29.65997314453125,P015,R01
2026-02-28,30.804061889648438,P015,R01
2026-02-01,34.03018569946289,P015,R02
2026-02-02,28.580162048339844,P015,R02
2026-02-03,29.45376205444336,P015,R02
2026-02-04,29.599966049194336,P015,R02
2026-02-05,30.35845947265625,P015,R02
2026-02-06,32.40283203125,P015,R02
2026-02-07,33.253684997558594,P015,R02
2026-02-08,32.89440155029297,P015,R02
2026-02-09,28.858381271362305,P015,R02
2026-02-10,30.155370712280273,P015,R02
2026-02-11,29.764915466308594,P015,R02
2026-02-12,30.582895278930664,P015,R02
2026-02-13,32.4502067565918,P015,R02
2026-02-14,33.48395919799805,P015,R02
2026-02-15,33.4191780090332,P015,R02
2026-02-16,28.304712295532227,P015,R02
2026-02-17,29.349376678466797,P015,R02
2026-02-18,29.67680549621582,P015,R02
2026-02-19,29.94854736328125,P015,R02
2026-02-20,32.36209487915039,P015,R02
2026-02-21,33.29188537597656,P015,R02
2026-02-22,32.738975524902344,P015,R02
2026-02-23,28.260663986206055,P015,R02
2026-02-24,29.34526824951172,P015,R02
2026-02-25,29.365854263305664,P015,R02
2026-02-26,29.866159439086914,P015,R02
2026-02-27,31.703641891479492,P015,R02
2026-02-28,32.5735969543457,P015,R02
2026-02-01,32.332733154296875,P015,R03
2026-02-02,28.433940887451172,P015,R03
2026-02-03,28.66668128967285,P015,R03
2026-02-04,29.553821563720703,P015,R03
2026-02-05,30.054128646850586,P015,R03
2026-02-06,31.89540672302246,P015,R03
2026-02-07,32.59477996826172,P015,R03
2026-02-08,32.17655944824219,P015,R03
2026-02-09,28.207475662231445,P015,R03
2026-02-10,28.79408836364746,P015,R03
2026-02-11,29.30840301513672,P015,R03
2026-02-12,30.223546981811523,P015,R03
2026-02-13,31.48826026916504,P015,R03
2026-02-14,32.691131591796875,P015,R03
2026-02-15,31.790660858154297,P015,R03
2026-02-16,27.85298728942871,P015,R03
2026-02-17,28.705978393554688,P015,R03
2026-02-18,29.03340721130371,P015,R03
2026-02-19,29.708890914916992,P015,R03
2026-02-20,31.786029815673828,P015,R03
2026-02-21,32.655982971191406,P015,R03
2026-02-22,32.14141082763672,P015,R03
2026-02-23,28.036977767944336,P015,R03
2026-02-24,29.038427352905273,P015,R03
2026-02-25,29.365854263305664,P015,R03
2026-02-26,29.866159439086914,P015,R03
2026-02-27,31.762451171875,P015,R03
2026-02-28,32.5735969543457,P015,R03
2026-02-01,32.112213134765625,P015,R04
2026-02-02,27.4677677154541,P015,R04
2026-02-03,28.48606300354004,P015,R04
2026-02-04,28.775949478149414,P015,R04
2026-02-05,28.474828720092773,P015,R04
2026-02-06,30.379188537597656,P015,R04
2026-02-07,32.267723083496094,P015,R04
2026-02-08,30.979022979736328,P015,R04
2026-02-09,26.903133392333984,P015,R04
2026-02-10,27.756128311157227,P015,R04
2026-02-11,28.210140228271484,P015,R04
2026-02-12,28.889034271240234,P015,R04
2026-02-13,30.363380432128906,P015,R04
2026-02-14,31.434803009033203,P015,R04
2026-02-15,30.83827781677246,P015,R04
2026-02-16,26.74638557434082,P015,R04
2026-02-17,27.668018341064453,P015,R04
2026-02-18,27.935144424438477,P015,R04
2026-02-19,28.718523025512695,P015,R04
2026-02-20,30.176231384277344,P015,R04
2026-02-21,31.122238159179688,P015,R04
2026-02-22,30.666458129882812,P015,R04
2026-02-23,26.58159637451172,P015,R04
2026-02-24,27.50322914123535,P015,R04
2026-02-25,27.770355224609375,P015,R04
2026-02-26,28.57736587524414,P015,R04
2026-02-27,29.956756591796875,P015,R04
2026-02-28,31.098655700683594,P015,R04
2026-02-01,29.374332427978516,P015,R05
2026-02-02,25.895492553710938,P015,R05
2026-02-03,26.345001220703125,P015,R05
2026-02-04,26.5745849609375,P015,R05
2026-02-05,27.716646194458008,P015,R05
2026-02-06,28.46306800842285,P015,R05
2026-02-07,29.838441848754883,P015,R05
2026-02-08,30.254928588867188,P015,R05
2026-02-09,25.895492553710938,P015,R05
2026-02-10,26.345001220703125,P015,R05
2026-02-11,26.61212730407715,P015,R05
2026-02-12,27.67178726196289,P015,R05
2026-02-13,28.5006103515625,P015,R05
2026-02-14,30.910261154174805,P015,R05
2026-02-15,29.42020606994629,P015,R05
2026-02-16,25.807382583618164,P015,R05
2026-02-17,26.25689125061035,P015,R05
2026-02-18,26.524017333984375,P015,R05
2026-02-19,27.524911880493164,P015,R05
2026-02-20,29.531469345092773,P015,R05
2026-02-21,30.825454711914062,P015,R05
2026-02-22,30.371864318847656,P015,R05
2026-02-23,26.22440528869629,P015,R05
2026-02-24,26.84220314025879,P015,R05
2026-02-25,27.109329223632812,P015,R05
2026-02-26,28.300817489624023,P015,R05
2026-02-27,29.601165771484375,P015,R05
2026-02-28,30.743066787719727,P015,R05
2026-02-01,119.68350982666016,P016,R01
2026-02-02,106.26152038574219,P016,R01
2026-02-03,105.45647430419922,P016,R01
2026-02-04,104.34214782714844,P016,R01
2026-02-05,110.9805679321289,P016,R01
2026-02-06,115.48185729980469,P016,R01
2026-02-07,122.49165344238281,P016,R01
2026-02-08,121.91145324707031,P016,R01
2026-02-09,104.50350189208984,P016,R01
2026-02-10,106.72962951660156,P016,R01
2026-02-11,110.67211151123047,P016,R01
2026-02-12,120.6256103515625,P016,R01
2026-02-13,125.68463134765625,P016,R01
2026-02-14,118.4103775024414,P016,R01
2026-02-15,113.86248016357422,P016,R01
2026-02-16,109.42610931396484,P016,R01
2026-02-17,113.05357360839844,P016,R01
2026-02-18,116.74117279052734,P016,R01
2026-02-19,114.8260269165039,P016,R01
2026-02-20,118.82273864746094,P016,R01
2026-02-21,133.133056640625,P016,R01
2026-02-22,116.91146850585938,P016,R01
2026-02-23,107.00749206542969,P016,R01
2026-02-24,104.46441650390625,P016,R01
2026-02-25,108.21550750732422,P016,R01
2026-02-26,109.37310028076172,P016,R01
2026-02-27,116.60663604736328,P016,R01
2026-02-28,122.71178436279297,P016,R01
2026-02-01,150.6918487548828,P016,R02
2026-02-02,130.6428985595703,P016,R02
2026-02-03,149.96429443359375,P016,R02
2026-02-04,131.03065490722656,P016,R02
2026-02-05,128.60511779785156,P016,R02
2026-02-06,126.46855163574219,P016,R02
2026-02-07,130.79722595214844,P016,R02
2026-02-08,140.32106018066406,P016,R02
2026-02-09,113.10810852050781,P016,R02
2026-02-10,120.1802749633789,P016,R02
2026-02-11,121.4987564086914,P016,R02
2026-02-12,108.96035766601562,P016,R02
2026-02-13,116.93284606933594,P016,R02
2026-02-14,129.00177001953125,P016,R02
2026-02-15,125.93993377685547,P016,R02
2026-02-16,106.04363250732422,P016,R02
2026-02-17,108.34732055664062,P016,R02
2026-02-18,114.93440246582031,P016,R02
2026-02-19,116.94396209716797,P016,R02
2026-02-20,115.8200454711914,P016,R02
2026-02-21,119.35710144042969,P016,R02
2026-02-22,124.80835723876953,P016,R02
2026-02-23,114.03660583496094,P016,R02
2026-02-24,112.11063385009766,P016,R02
2026-02-25,115.50123596191406,P016,R02
2026-02-26,129.6278533935547,P016,R02
2026-02-27,122.26585388183594,P016,R02
2026-02-28,122.87508392333984,P016,R02
2026-02-01,134.75550842285156,P016,R03
2026-02-02,112.55379486083984,P016,R03
2026-02-03,125.46097564697266,P016,R03
2026-02-04,117.39952087402344,P016,R03
2026-02-05,124.53169250488281,P016,R03
2026-02-06,128.41961669921875,P016,R03
2026-02-07,132.29190063476562,P016,R03
2026-02-08,127.42646026611328,P016,R03
2026-02-09,107.4305419921875,P016,R03
2026-02-10,105.10587310791016,P016,R03
2026-02-11,118.54402923583984,P016,R03
2026-02-12,125.47990417480469,P016,R03
2026-02-13,125.53829956054688,P016,R03
2026-02-14,131.39283752441406,P016,R03
2026-02-15,130.51596069335938,P016,R03
2026-02-16,113.44315338134766,P016,R03
2026-02-17,116.33541870117188,P016,R03
2026-02-18,112.81475067138672,P016,R03
2026-02-19,117.3919448852539,P016,R03
2026-02-20,117.00119018554688,P016,R03
2026-02-21,129.6587677001953,P016,R03
2026-02-22,124.24605560302734,P016,R03
2026-02-23,113.0760726928711,P016,R03
2026-02-24,105.57522583007812,P016,R03
2026-02-25,114.40415954589844,P016,R03
2026-02-26,117.84581756591797,P016,R03
2026-02-27,121.25116729736328,P016,R03
2026-02-28,127.77034759521484,P016,R03
2026-02-01,122.6767349243164,P016,R04
2026-02-02,117.30935668945312,P016,R04
2026-02-03,120.35712432861328,P016,R04
2026-02-04,115.71446990966797,P016,R04
2026-02-05,118.50968933105469,P016,R04
2026-02-06,121.69661712646484,P016,R04
2026-02-07,140.16346740722656,P016,R04
2026-02-08,115.00166320800781,P016,R04
2026-02-09,106.5586929321289,P016,R04
2026-02-10,112.6672592163086,P016,R04
2026-02-11,119.53175354003906,P016,R04
2026-02-12,119.6448974609375,P016,R04
2026-02-13,116.71014404296875,P016,R04
2026-02-14,138.4286651611328,P016,R04
2026-02-15,129.3619384765625,P016,R04
2026-02-16,109.84383392333984,P016,R04
2026-02-17,119.8684310913086,P016,R04
2026-02-18,111.60867309570312,P016,R04
2026-02-19,120.08015441894531,P016,R04
2026-02-20,121.12672424316406,P016,R04
2026-02-21,132.4923553466797,P016,R04
2026-02-22,117.52283477783203,P016,R04
2026-02-23,112.2360610961914,P016,R04
2026-02-24,111.42829895019531,P016,R04
2026-02-25,110.3985366821289,P016,R04
2026-02-26,111.47184753417969,P016,R04
2026-02-27,116.98805236816406,P016,R04
2026-02-28,122.79417419433594,P016,R04
2026-02-01,119.48780059814453,P016,R05
2026-02-02,108.78038024902344,P016,R05
2026-02-03,114.66242218017578,P016,R05
2026-02-04,117.0656509399414,P016,R05
2026-02-05,120.65322875976562,P016,R05
2026-02-06,123.22577667236328,P016,R05
2026-02-07,124.03927612304688,P016,R05
2026-02-08,116.78089141845703,P016,R05
2026-02-09,107.56794738769531,P016,R05
2026-02-10,106.09127044677734,P016,R05
2026-02-11,113.24505615234375,P016,R05
2026-02-12,119.03913116455078,P016,R05
2026-02-13,120.4985122680664,P016,R05
2026-02-14,116.45221710205078,P016,R05
2026-02-15,130.1068878173828,P016,R05
2026-02-16,105.39739227294922,P016,R05
2026-02-17,112.45978546142578,P016,R05
2026-02-18,120.92286682128906,P016,R05
2026-02-19,112.65789794921875,P016,R05
2026-02-20,123.77315521240234,P016,R05
2026-02-21,115.35908508300781,P016,R05
2026-02-22,119.82881927490234,P016,R05
2026-02-23,115.09149169921875,P016,R05
2026-02-24,122.57792663574219,P016,R05
2026-02-25,103.14007568359375,P016,R05
2026-02-26,115.6078872680664,P016,R05
2026-02-27,121.68745422363281,P016,R05
2026-02-28,123.52436065673828,P016,R05
2026-02-01,96.24944305419922,P017,R01
2026-02-02,83.767822265625,P017,R01
2026-02-03,86.75165557861328,P017,R01
2026-02-04,88.42584228515625,P017,R01
2026-02-05,90.58387756347656,P017,R01
2026-02-06,96.74449157714844,P017,R01
2026-02-07,99.01152801513672,P017,R01
2026-02-08,102.57130432128906,P017,R01
2026-02-09,85.40753173828125,P017,R01
2026-02-10,92.71255493164062,P017,R01
2026-02-11,95.40360260009766,P017,R01
2026-02-12,98.22604370117188,P017,R01
2026-02-13,100.78292083740234,P017,R01
2026-02-14,102.346923828125,P017,R01
2026-02-15,100.96394348144531,P017,R01
2026-02-16,86.99198913574219,P017,R01
2026-02-17,96.68118286132812,P017,R01
2026-02-18,93.66242980957031,P017,R01
2026-02-19,95.91494750976562,P017,R01
2026-02-20,101.37124633789062,P017,R01
2026-02-21,101.03031158447266,P017,R01
2026-02-22,105.05335235595703,P017,R01
2026-02-23,93.02934265136719,P017,R01
2026-02-24,99.23194122314453,P017,R01
2026-02-25,96.09635162353516,P017,R01
2026-02-26,105.71112823486328,P017,R01
2026-02-27,102.06402587890625,P017,R01
2026-02-28,102.18182373046875,P017,R01
2026-02-01,131.48468017578125,P017,R02
2026-02-02,110.91293334960938,P017,R02
2026-02-03,111.7756576538086,P017,R02
2026-02-04,114.26814270019531,P017,R02
2026-02-05,121.4529800415039,P017,R02
2026-02-06,125.63046264648438,P017,R02
2026-02-07,122.27879333496094,P017,R02
2026-02-08,127.4837646484375,P017,R02
2026-02-09,105.78987121582031,P017,R02
2026-02-10,102.91032409667969,P017,R02
2026-02-11,115.62276458740234,P017,R02
2026-02-12,118.26409149169922,P017,R02
2026-02-13,121.99468994140625,P017,R02
2026-02-14,125.04396057128906,P017,R02
2026-02-15,129.67550659179688,P017,R02
2026-02-16,107.2442626953125,P017,R02
2026-02-17,106.9829330444336,P017,R02
2026-02-18,107.76566314697266,P017,R02
2026-02-19,112.83537292480469,P017,R02
2026-02-20,119.67843627929688,P017,R02
2026-02-21,124.03300476074219,P017,R02
2026-02-22,119.1302719116211,P017,R02
2026-02-23,105.21229553222656,P017,R02
2026-02-24,114.40895080566406,P017,R02
2026-02-25,118.74462127685547,P017,R02
2026-02-26,115.47805786132812,P017,R02
2026-02-27,117.0769271850586,P017,R02
2026-02-28,128.10223388671875,P017,R02
2026-02-01,114.17926025390625,P017,R03
2026-02-02,106.1401596069336,P017,R03
2026-02-03,103.15026092529297,P017,R03
2026-02-04,103.36199188232422,P017,R03
2026-02-05,108.6234359741211,P017,R03
2026-02-06,118.2366714477539,P017,R03
2026-02-07,122.2789535522461,P017,R03
2026-02-08,120.42304992675781,P017,R03
2026-02-09,101.93191528320312,P017,R03
2026-02-10,107.10382080078125,P017,R03
2026-02-11,106.7767562866211,P017,R03
2026-02-12,116.71707153320312,P017,R03
2026-02-13,116.05974578857422,P017,R03
2026-02-14,120.93122100830078,P017,R03
2026-02-15,120.52738952636719,P017,R03
2026-02-16,110.61445617675781,P017,R03
2026-02-17,115.41812896728516,P017,R03
2026-02-18,113.90495300292969,P017,R03
2026-02-19,128.472412109375,P017,R03
2026-02-20,122.51335144042969,P017,R03
2026-02-21,126.28887176513672,P017,R03
2026-02-22,129.79293823242188,P017,R03
2026-02-23,107.56405639648438,P017,R03
2026-02-24,102.98368072509766,P017,R03
2026-02-25,102.60726165771484,P017,R03
2026-02-26,107.80171203613281,P017,R03
2026-02-27,115.98944091796875,P017,R03
2026-02-28,122.82466125488281,P017,R03
2026-02-01,104.32715606689453,P017,R04
2026-02-02,91.19711303710938,P017,R04
2026-02-03,94.45413208007812,P017,R04
2026-02-04,95.33585357666016,P017,R04
2026-02-05,96.6211166381836,P017,R04
2026-02-06,103.94225311279297,P017,R04
2026-02-07,113.85774993896484,P017,R04
2026-02-08,108.88957214355469,P017,R04
2026-02-09,96.75045013427734,P017,R04
2026-02-10,100.10429382324219,P017,R04
2026-02-11,103.09154510498047,P017,R04
2026-02-12,108.64067077636719,P017,R04
2026-02-13,113.330078125,P017,R04
2026-02-14,114.8594970703125,P017,R04
2026-02-15,115.32776641845703,P017,R04
2026-02-16,98.84661102294922,P017,R04
2026-02-17,103.54605865478516,P017,R04
2026-02-18,108.13459014892578,P017,R04
2026-02-19,110.90000915527344,P017,R04
2026-02-20,111.88304138183594,P017,R04
2026-02-21,117.06832122802734,P017,R04
2026-02-22,117.42817687988281,P017,R04
2026-02-23,106.90754699707031,P017,R04
2026-02-24,103.30192565917969,P017,R04
2026-02-25,106.38763427734375,P017,R04
2026-02-26,103.114013671875,P017,R04
2026-02-27,110.50076293945312,P017,R04
2026-02-28,108.61575317382812,P017,R04
2026-02-01,95.40930938720703,P017,R05
2026-02-02,84.52623748779297,P017,R05
2026-02-03,86.05374145507812,P017,R05
2026-02-04,87.85581970214844,P017,R05
2026-02-05,91.01815032958984,P017,R05
2026-02-06,94.94954681396484,P017,R05
2026-02-07,98.35266876220703,P017,R05
2026-02-08,99.43975830078125,P017,R05
2026-02-09,88.47774505615234,P017,R05
2026-02-10,94.24949645996094,P017,R05
2026-02-11,95.52066802978516,P017,R05
2026-02-12,116.25460815429688,P017,R05
2026-02-13,99.13493347167969,P017,R05
2026-02-14,102.41422271728516,P017,R05
2026-02-15,100.60873413085938,P017,R05
2026-02-16,89.27119445800781,P017,R05
2026-02-17,91.24658203125,P017,R05
2026-02-18,93.14851379394531,P017,R05
2026-02-19,96.22291564941406,P017,R05
2026-02-20,100.03131103515625,P017,R05
2026-02-21,99.42118072509766,P017,R05
2026-02-22,98.87928771972656,P017,R05
2026-02-23,86.6585922241211,P017,R05
2026-02-24,92.62177276611328,P017,R05
2026-02-25,91.07337951660156,P017,R05
2026-02-26,94.31049346923828,P017,R05
2026-02-27,99.17768096923828,P017,R05
2026-02-28,99.33837890625,P017,R05
2026-02-01,124.58489227294922,P018,R01
2026-02-02,105.72477722167969,P018,R01
2026-02-03,108.56109619140625,P018,R01
2026-02-04,111.87762451171875,P018,R01
2026-02-05,123.09855651855469,P018,R01
2026-02-06,118.60149383544922,P018,R01
2026-02-07,126.62397003173828,P018,R01
2026-02-08,131.20826721191406,P018,R01
2026-02-09,114.02571868896484,P018,R01
2026-02-10,110.74333953857422,P018,R01
2026-02-11,120.65697479248047,P018,R01
2026-02-12,117.08544158935547,P018,R01
2026-02-13,121.12140655517578,P018,R01
2026-02-14,137.44827270507812,P018,R01
2026-02-15,122.25544738769531,P018,R01
2026-02-16,109.6249008178711,P018,R01
2026-02-17,105.76508331298828,P018,R01
2026-02-18,114.00142669677734,P018,R01
2026-02-19,116.60365295410156,P018,R01
2026-02-20,120.44163513183594,P018,R01
2026-02-21,135.49147033691406,P018,R01
2026-02-22,123.44367218017578,P018,R01
2026-02-23,103.79346466064453,P018,R01
2026-02-24,113.14788055419922,P018,R01
2026-02-25,113.81205749511719,P018,R01
2026-02-26,115.36821746826172,P018,R01
2026-02-27,121.05463409423828,P018,R01
2026-02-28,127.634521484375,P018,R01
2026-02-01,162.3057098388672,P018,R02
2026-02-02,134.76528930664062,P018,R02
2026-02-03,137.63018798828125,P018,R02
2026-02-04,136.18267822265625,P018,R02
2026-02-05,142.2221221923828,P018,R02
2026-02-06,141.59390258789062,P018,R02
2026-02-07,135.74765014648438,P018,R02
2026-02-08,144.3118133544922,P018,R02
2026-02-09,129.33949279785156,P018,R02
2026-02-10,124.6085205078125,P018,R02
2026-02-11,137.77139282226562,P018,R02
2026-02-12,139.65237426757812,P018,R02
2026-02-13,142.51402282714844,P018,R02
2026-02-14,148.26583862304688,P018,R02
2026-02-15,161.5052947998047,P018,R02
2026-02-16,163.9891357421875,P018,R02
2026-02-17,143.7993621826172,P018,R02
2026-02-18,142.0786590576172,P018,R02
2026-02-19,138.7609405517578,P018,R02
2026-02-20,141.24484252929688,P018,R02
2026-02-21,171.25628662109375,P018,R02
2026-02-22,164.65139770507812,P018,R02
2026-02-23,140.99981689453125,P018,R02
2026-02-24,125.632568359375,P018,R02
2026-02-25,137.1370391845703,P018,R02
2026-02-26,138.95339965820312,P018,R02
2026-02-27,139.91323852539062,P018,R02
2026-02-28,159.20130920410156,P018,R02
2026-02-01,134.0741729736328,P018,R03
2026-02-02,111.89735412597656,P018,R03
2026-02-03,120.97713470458984,P018,R03
2026-02-04,129.0223846435547,P018,R03
2026-02-05,129.27195739746094,P018,R03
2026-02-06,126.23030853271484,P018,R03
2026-02-07,132.65087890625,P018,R03
2026-02-08,141.77664184570312,P018,R03
2026-02-09,119.71286010742188,P018,R03
2026-02-10,119.90979766845703,P018,R03
2026-02-11,121.89545440673828,P018,R03
2026-02-12,128.68797302246094,P018,R03
2026-02-13,127.9656982421875,P018,R03
2026-02-14,146.95388793945312,P018,R03
2026-02-15,145.56573486328125,P018,R03
2026-02-16,126.33504486083984,P018,R03
2026-02-17,123.87008666992188,P018,R03
2026-02-18,127.27891540527344,P018,R03
2026-02-19,117.93167877197266,P018,R03
2026-02-20,130.15663146972656,P018,R03
2026-02-21,162.2730712890625,P018,R03
2026-02-22,144.74708557128906,P018,R03
2026-02-23,119.31123352050781,P018,R03
2026-02-24,120.48983001708984,P018,R03
2026-02-25,127.2460708618164,P018,R03
2026-02-26,120.3263168334961,P018,R03
2026-02-27,127.0044174194336,P018,R03
2026-02-28,129.6670684814453,P018,R03
2026-02-01,126.5182113647461,P018,R04
2026-02-02,112.5323715209961,P018,R04
2026-02-03,116.92554473876953,P018,R04
2026-02-04,123.425537109375,P018,R04
2026-02-05,122.51854705810547,P018,R04
2026-02-06,125.31364440917969,P018,R04
2026-02-07,130.31314086914062,P018,R04
2026-02-08,135.6463623046875,P018,R04
2026-02-09,112.70121765136719,P018,R04
2026-02-10,122.32328033447266,P018,R04
2026-02-11,119.26165008544922,P018,R04
2026-02-12,120.1377944946289,P018,R04
2026-02-13,127.40266418457031,P018,R04
2026-02-14,129.9138946533203,P018,R04
2026-02-15,134.99327087402344,P018,R04
2026-02-16,116.25513458251953,P018,R04
2026-02-17,110.92916870117188,P018,R04
2026-02-18,118.82148742675781,P018,R04
2026-02-19,116.89599609375,P018,R04
2026-02-20,119.39200592041016,P018,R04
2026-02-21,133.8852081298828,P018,R04
2026-02-22,131.19805908203125,P018,R04
2026-02-23,105.81858825683594,P018,R04
2026-02-24,108.61982727050781,P018,R04
2026-02-25,116.84660339355469,P018,R04
2026-02-26,117.3760986328125,P018,R04
2026-02-27,121.54956817626953,P018,R04
2026-02-28,132.0842742919922,P018,R04
2026-02-01,137.5091552734375,P018,R05
2026-02-02,119.07746124267578,P018,R05
2026-02-03,119.45600891113281,P018,R05
2026-02-04,124.84124755859375,P018,R05
2026-02-05,122.17859649658203,P018,R05
2026-02-06,128.31410217285156,P018,R05
2026-02-07,141.84861755371094,P018,R05
2026-02-08,149.81040954589844,P018,R05
2026-02-09,118.71296691894531,P018,R05
2026-02-10,120.38497924804688,P018,R05
2026-02-11,121.3432388305664,P018,R05
2026-02-12,117.58712768554688,P018,R05
2026-02-13,129.8379364013672,P018,R05
2026-02-14,135.12840270996094,P018,R05
2026-02-15,136.43321228027344,P018,R05
2026-02-16,109.61763763427734,P018,R05
2026-02-17,110.65193939208984,P018,R05
2026-02-18,115.25985717773438,P018,R05
2026-02-19,115.25694274902344,P018,R05
2026-02-20,125.66693115234375,P018,R05
2026-02-21,137.77798461914062,P018,R05
2026-02-22,134.14984130859375,P018,R05
2026-02-23,108.47903442382812,P018,R05
2026-02-24,110.02293395996094,P018,R05
2026-02-25,118.49900817871094,P018,R05
2026-02-26,115.46318054199219,P018,R05
2026-02-27,120.61954498291016,P018,R05
2026-02-28,136.9795379638672,P018,R05
2026-02-01,141.67787170410156,P019,R01
2026-02-02,125.93255615234375,P019,R01
2026-02-03,119.61559295654297,P019,R01
2026-02-04,130.1105499267578,P019,R01
2026-02-05,118.60723876953125,P019,R01
2026-02-06,126.318603515625,P019,R01
2026-02-07,127.19076538085938,P019,R01
2026-02-08,136.96121215820312,P019,R01
2026-02-09,110.6997299194336,P019,R01
2026-02-10,113.62079620361328,P019,R01
2026-02-11,115.14464569091797,P019,R01
2026-02-12,114.34275817871094,P019,R01
2026-02-13,114.37275695800781,P019,R01
2026-02-14,122.41132354736328,P019,R01
2026-02-15,123.03778839111328,P019,R01
2026-02-16,109.48015594482422,P019,R01
2026-02-17,121.72544860839844,P019,R01
2026-02-18,118.10760498046875,P019,R01
2026-02-19,119.3519058227539,P019,R01
2026-02-20,125.26636505126953,P019,R01
2026-02-21,125.15849304199219,P019,R01
2026-02-22,122.68985748291016,P019,R01
2026-02-23,102.70807647705078,P019,R01
2026-02-24,113.11947631835938,P019,R01
2026-02-25,105.87873077392578,P019,R01
2026-02-26,112.47725677490234,P019,R01
2026-02-27,118.6317367553711,P019,R01
2026-02-28,122.84205627441406,P019,R01
2026-02-01,185.7983856201172,P019,R02
2026-02-02,158.6058349609375,P019,R02
2026-02-03,170.4825897216797,P019,R02
2026-02-04,171.23951721191406,P019,R02
2026-02-05,163.2857208251953,P019,R02
2026-02-06,183.08079528808594,P019,R02
2026-02-07,181.71957397460938,P019,R02
2026-02-08,192.6804656982422,P019,R02
2026-02-09,185.4110107421875,P019,R02
2026-02-10,183.23936462402344,P019,R02
2026-02-11,168.2401885986328,P019,R02
2026-02-12,185.30523681640625,P019,R02
2026-02-13,169.74110412597656,P019,R02
2026-02-14,172.13316345214844,P019,R02
2026-02-15,185.31829833984375,P019,R02
2026-02-16,156.3223876953125,P019,R02
2026-02-17,157.82949829101562,P019,R02
2026-02-18,161.5102996826172,P019,R02
2026-02-19,174.40745544433594,P019,R02
2026-02-20,185.37960815429688,P019,R02
2026-02-21,189.65711975097656,P019,R02
2026-02-22,229.36785888671875,P019,R02
2026-02-23,205.41636657714844,P019,R02
2026-02-24,182.29925537109375,P019,R02
2026-02-25,174.4321746826172,P019,R02
2026-02-26,168.64938354492188,P019,R02
2026-02-27,169.1092071533203,P019,R02
2026-02-28,175.5662384033203,P019,R02
2026-02-01,151.98257446289062,P019,R03
2026-02-02,140.35791015625,P019,R03
2026-02-03,140.85983276367188,P019,R03
2026-02-04,148.95790100097656,P019,R03
2026-02-05,156.7891387939453,P019,R03
2026-02-06,160.38442993164062,P019,R03
2026-02-07,176.62527465820312,P019,R03
2026-02-08,174.52049255371094,P019,R03
2026-02-09,169.43588256835938,P019,R03
2026-02-10,168.63668823242188,P019,R03
2026-02-11,147.72422790527344,P019,R03
2026-02-12,158.27798461914062,P019,R03
2026-02-13,169.5911407470703,P019,R03
2026-02-14,176.1871337890625,P019,R03
2026-02-15,164.23309326171875,P019,R03
2026-02-16,136.7151336669922,P019,R03
2026-02-17,163.40823364257812,P019,R03
2026-02-18,175.70526123046875,P019,R03
2026-02-19,170.1997528076172,P019,R03
2026-02-20,174.74391174316406,P019,R03
2026-02-21,195.37168884277344,P019,R03
2026-02-22,185.01014709472656,P019,R03
2026-02-23,156.743896484375,P019,R03
2026-02-24,165.55908203125,P019,R03
2026-02-25,159.63685607910156,P019,R03
2026-02-26,163.5704345703125,P019,R03
2026-02-27,179.506103515625,P019,R03
2026-02-28,194.8512420654297,P019,R03
2026-02-01,168.3966827392578,P019,R04
2026-02-02,134.21084594726562,P019,R04
2026-02-03,137.81825256347656,P019,R04
2026-02-04,157.5774688720703,P019,R04
2026-02-05,160.6926727294922,P019,R04
2026-02-06,154.9228057861328,P019,R04
2026-02-07,169.72775268554688,P019,R04
2026-02-08,179.3293914794922,P019,R04
2026-02-09,159.21298217773438,P019,R04
2026-02-10,142.3511962890625,P019,R04
2026-02-11,155.7123260498047,P019,R04
2026-02-12,157.7652130126953,P019,R04
2026-02-13,167.47410583496094,P019,R04
2026-02-14,181.24642944335938,P019,R04
2026-02-15,180.26251220703125,P019,R04
2026-02-16,152.40084838867188,P019,R04
2026-02-17,159.64088439941406,P019,R04
2026-02-18,157.68182373046875,P019,R04
2026-02-19,168.75973510742188,P019,R04
2026-02-20,163.076904296875,P019,R04
2026-02-21,175.82408142089844,P019,R04
2026-02-22,160.52870178222656,P019,R04
2026-02-23,133.6564483642578,P019,R04
2026-02-24,152.67596435546875,P019,R04
2026-02-25,163.838623046875,P019,R04
2026-02-26,173.0596466064453,P019,R04
2026-02-27,171.969482421875,P019,R04
2026-02-28,203.31651306152344,P019,R04
2026-02-01,172.4574432373047,P019,R05
2026-02-02,143.6587371826172,P019,R05
2026-02-03,141.63601684570312,P019,R05
2026-02-04,145.07244873046875,P019,R05
2026-02-05,154.6280517578125,P019,R05
2026-02-06,162.9324493408203,P019,R05
2026-02-07,169.7896270751953,P019,R05
2026-02-08,172.23074340820312,P019,R05
2026-02-09,144.8085479736328,P019,R05
2026-02-10,145.80140686035156,P019,R05
2026-02-11,171.58203125,P019,R05
2026-02-12,155.3658905029297,P019,R05
2026-02-13,153.33602905273438,P019,R05
2026-02-14,178.66546630859375,P019,R05
2026-02-15,163.2924041748047,P019,R05
2026-02-16,147.2985382080078,P019,R05
2026-02-17,152.6844024658203,P019,R05
2026-02-18,153.08811950683594,P019,R05
2026-02-19,163.96987915039062,P019,R05
2026-02-20,171.31442260742188,P019,R05
2026-02-21,183.25311279296875,P019,R05
2026-02-22,174.03541564941406,P019,R05
2026-02-23,144.76934814453125,P019,R05
2026-02-24,162.76100158691406,P019,R05
2026-02-25,149.52780151367188,P019,R05
2026-02-26,157.51382446289062,P019,R05
2026-02-27,169.4734344482422,P019,R05
2026-02-28,190.1358184814453,P019,R05
2026-02-01,42.16746520996094,P020,R01
2026-02-02,38.04347229003906,P020,R01
2026-02-03,38.808204650878906,P020,R01
2026-02-04,41.39985275268555,P020,R01
2026-02-05,42.03392791748047,P020,R01
2026-02-06,42.606903076171875,P020,R01
2026-02-07,42.95563888549805,P020,R01
2026-02-08,44.08820343017578,P020,R01
2026-02-09,39.927642822265625,P020,R01
2026-02-10,41.68041229248047,P020,R01
2026-02-11,42.672367095947266,P020,R01
2026-02-12,42.853641510009766,P020,R01
2026-02-13,44.39078140258789,P020,R01
2026-02-14,45.78447341918945,P020,R01
2026-02-15,43.88714599609375,P020,R01
2026-02-16,41.32097625732422,P020,R01
2026-02-17,41.829139709472656,P020,R01
2026-02-18,42.54609680175781,P020,R01
2026-02-19,42.83826446533203,P020,R01
2026-02-20,43.06293869018555,P020,R01
2026-02-21,43.98737335205078,P020,R01
2026-02-22,43.68808364868164,P020,R01
2026-02-23,41.56013107299805,P020,R01
2026-02-24,42.06574630737305,P020,R01
2026-02-25,43.73051071166992,P020,R01
2026-02-26,44.14842224121094,P020,R01
2026-02-27,44.90431594848633,P020,R01
2026-02-28,46.30018615722656,P020,R01
2026-02-01,56.297630310058594,P020,R02
2026-02-02,50.227970123291016,P020,R02
2026-02-03,50.39871597290039,P020,R02
2026-02-04,51.787139892578125,P020,R02
2026-02-05,53.278770446777344,P020,R02
2026-02-06,55.190242767333984,P020,R02
2026-02-07,57.21959686279297,P020,R02
2026-02-08,56.55455780029297,P020,R02
2026-02-09,51.506736755371094,P020,R02
2026-02-10,51.70557403564453,P020,R02
2026-02-11,53.107913970947266,P020,R02
2026-02-12,53.63568115234375,P020,R02
2026-02-13,54.64158630371094,P020,R02
2026-02-14,58.54641342163086,P020,R02
2026-02-15,55.67523956298828,P020,R02
2026-02-16,51.126686096191406,P020,R02
2026-02-17,51.807918548583984,P020,R02
2026-02-18,53.09319305419922,P020,R02
2026-02-19,53.547569274902344,P020,R02
2026-02-20,54.70990753173828,P020,R02
2026-02-21,56.876548767089844,P020,R02
2026-02-22,55.72298049926758,P020,R02
2026-02-23,51.126686096191406,P020,R02
2026-02-24,51.645469665527344,P020,R02
2026-02-25,52.95869827270508,P020,R02
2026-02-26,55.08608627319336,P020,R02
2026-02-27,55.974037170410156,P020,R02
2026-02-28,59.29791259765625,P020,R02
2026-02-01,51.04511642456055,P020,R03
2026-02-02,45.02621841430664,P020,R03
2026-02-03,46.01264190673828,P020,R03
2026-02-04,47.868995666503906,P020,R03
2026-02-05,49.021507263183594,P020,R03
2026-02-06,48.34958267211914,P020,R03
2026-02-07,53.553470611572266,P020,R03
2026-02-08,51.78146743774414,P020,R03
2026-02-09,47.410499572753906,P020,R03
2026-02-10,47.31647872924805,P020,R03
2026-02-11,50.057430267333984,P020,R03
2026-02-12,50.48638153076172,P020,R03
2026-02-13,51.10957336425781,P020,R03
2026-02-14,53.85474395751953,P020,R03
2026-02-15,52.81638717651367,P020,R03
2026-02-16,47.98603439331055,P020,R03
2026-02-17,49.68950653076172,P020,R03
2026-02-18,51.07360076904297,P020,R03
2026-02-19,51.71014404296875,P020,R03
2026-02-20,51.246498107910156,P020,R03
2026-02-21,53.860130310058594,P020,R03
2026-02-22,51.87163543701172,P020,R03
2026-02-23,47.015811920166016,P020,R03
2026-02-24,47.70008850097656,P020,R03
2026-02-25,49.7275390625,P020,R03
2026-02-26,50.804229736328125,P020,R03
2026-02-27,51.509803771972656,P020,R03
2026-02-28,53.58137893676758,P020,R03
2026-02-01,48.07768630981445,P020,R04
2026-02-02,42.1390266418457,P020,R04
2026-02-03,42.35866928100586,P020,R04
2026-02-04,44.066001892089844,P020,R04
2026-02-05,44.79380798339844,P020,R04
2026-02-06,48.98159408569336,P020,R04
2026-02-07,48.135719299316406,P020,R04
2026-02-08,47.43110656738281,P020,R04
2026-02-09,43.04035568237305,P020,R04
2026-02-10,44.48503494262695,P020,R04
2026-02-11,45.68183135986328,P020,R04
2026-02-12,46.10177230834961,P020,R04
2026-02-13,48.39441680908203,P020,R04
2026-02-14,51.02972412109375,P020,R04
2026-02-15,51.81324005126953,P020,R04
2026-02-16,44.6708984375,P020,R04
2026-02-17,46.08208084106445,P020,R04
2026-02-18,46.0009765625,P020,R04
2026-02-19,46.13175582885742,P020,R04
2026-02-20,49.326725006103516,P020,R04
2026-02-21,48.225555419921875,P020,R04
2026-02-22,49.176414489746094,P020,R04
2026-02-23,43.695003509521484,P020,R04
2026-02-24,44.29563522338867,P020,R04
2026-02-25,45.40672302246094,P020,R04
2026-02-26,46.49575424194336,P020,R04
2026-02-27,48.431949615478516,P020,R04
2026-02-28,49.420684814453125,P020,R04
2026-02-01,44.18639373779297,P020,R05
2026-02-02,37.72190856933594,P020,R05
2026-02-03,39.23057174682617,P020,R05
2026-02-04,40.20524978637695,P020,R05
2026-02-05,40.89677429199219,P020,R05
2026-02-06,42.53756332397461,P020,R05
2026-02-07,46.91461944580078,P020,R05
2026-02-08,43.92529296875,P020,R05
2026-02-09,41.148521423339844,P020,R05
2026-02-10,43.107879638671875,P020,R05
2026-02-11,43.069252014160156,P020,R05
2026-02-12,42.84239196777344,P020,R05
2026-02-13,43.745975494384766,P020,R05
2026-02-14,44.435394287109375,P020,R05
2026-02-15,44.67227554321289,P020,R05
2026-02-16,41.741573333740234,P020,R05
2026-02-17,42.061527252197266,P020,R05
2026-02-18,42.80915451049805,P020,R05
2026-02-19,44.46250915527344,P020,R05
2026-02-20,45.084625244140625,P020,R05
2026-02-21,47.16432189941406,P020,R05
2026-02-22,45.343788146972656,P020,R05
2026-02-23,42.17375946044922,P020,R05
2026-02-24,43.29301834106445,P020,R05
2026-02-25,42.80561447143555,P020,R05
2026-02-26,43.0897102355957,P020,R05
2026-02-27,43.503684997558594,P020,R05
2026-02-28,45.44247817993164,P020,R05
2026-02-01,58.77626037597656,P021,R01
2026-02-02,50.20494842529297,P021,R01
2026-02-03,52.46516799926758,P021,R01
2026-02-04,54.265960693359375,P021,R01
2026-02-05,55.69911193847656,P021,R01
2026-02-06,56.52082824707031,P021,R01
2026-02-07,59.502113342285156,P021,R01
2026-02-08,59.525455474853516,P021,R01
2026-02-09,53.28367233276367,P021,R01
2026-02-10,54.75450897216797,P021,R01
2026-02-11,55.456298828125,P021,R01
2026-02-12,56.19919967651367,P021,R01
2026-02-13,57.53133773803711,P021,R01
2026-02-14,61.347694396972656,P021,R01
2026-02-15,58.11268997192383,P021,R01
2026-02-16,52.97819519042969,P021,R01
2026-02-17,54.11658477783203,P021,R01
2026-02-18,54.67164611816406,P021,R01
2026-02-19,55.5995979309082,P021,R01
2026-02-20,56.73974609375,P021,R01
2026-02-21,59.52619552612305,P021,R01
2026-02-22,58.82467269897461,P021,R01
2026-02-23,52.5204963684082,P021,R01
2026-02-24,53.962623596191406,P021,R01
2026-02-25,54.96091842651367,P021,R01
2026-02-26,56.19136047363281,P021,R01
2026-02-27,57.10441207885742,P021,R01
2026-02-28,60.52220153808594,P021,R01
2026-02-01,63.71780776977539,P021,R02
2026-02-02,55.740840911865234,P021,R02
2026-02-03,57.19261169433594,P021,R02
2026-02-04,58.5013313293457,P021,R02
2026-02-05,62.35098648071289,P021,R02
2026-02-06,62.31411361694336,P021,R02
2026-02-07,66.24348449707031,P021,R02
2026-02-08,65.20980834960938,P021,R02
2026-02-09,58.12872314453125,P021,R02
2026-02-10,59.49390411376953,P021,R02
2026-02-11,59.999855041503906,P021,R02
2026-02-12,61.80000305175781,P021,R02
2026-02-13,62.47441864013672,P021,R02
2026-02-14,65.6729736328125,P021,R02
2026-02-15,63.00014114379883,P021,R02
2026-02-16,53.59527587890625,P021,R02
2026-02-17,56.34943771362305,P021,R02
2026-02-18,57.10490036010742,P021,R02
2026-02-19,59.30894088745117,P021,R02
2026-02-20,60.842960357666016,P021,R02
2026-02-21,64.38411712646484,P021,R02
2026-02-22,62.63999557495117,P021,R02
2026-02-23,54.447349548339844,P021,R02
2026-02-24,56.019962310791016,P021,R02
2026-02-25,57.85383224487305,P021,R02
2026-02-26,59.785865783691406,P021,R02
2026-02-27,61.24555969238281,P021,R02
2026-02-28,64.49931335449219,P021,R02
2026-02-01,58.50148010253906,P021,R03
2026-02-02,54.33002471923828,P021,R03
2026-02-03,55.0425910949707,P021,R03
2026-02-04,55.3806037902832,P021,R03
2026-02-05,56.718666076660156,P021,R03
2026-02-06,57.99236297607422,P021,R03
2026-02-07,61.63628005981445,P021,R03
2026-02-08,59.82741165161133,P021,R03
2026-02-09,53.101627349853516,P021,R03
2026-02-10,53.996089935302734,P021,R03
2026-02-11,56.934940338134766,P021,R03
2026-02-12,58.076873779296875,P021,R03
2026-02-13,56.92683029174805,P021,R03
2026-02-14,60.59281921386719,P021,R03
2026-02-15,58.509246826171875,P021,R03
2026-02-16,52.713035583496094,P021,R03
2026-02-17,53.483707427978516,P021,R03
2026-02-18,54.63445281982422,P021,R03
2026-02-19,56.1155891418457,P021,R03
2026-02-20,57.255741119384766,P021,R03
2026-02-21,60.230712890625,P021,R03
2026-02-22,59.10189437866211,P021,R03
2026-02-23,52.3057861328125,P021,R03
2026-02-24,53.65888595581055,P021,R03
2026-02-25,55.723472595214844,P021,R03
2026-02-26,56.43000030517578,P021,R03
2026-02-27,56.73974609375,P021,R03
2026-02-28,59.89086151123047,P021,R03
2026-02-01,59.37436294555664,P021,R04
2026-02-02,52.83440017700195,P021,R04
2026-02-03,54.15920639038086,P021,R04
2026-02-04,55.6600341796875,P021,R04
2026-02-05,57.63003921508789,P021,R04
2026-02-06,59.5963249206543,P021,R04
2026-02-07,60.970741271972656,P021,R04
2026-02-08,59.89735794067383,P021,R04
2026-02-09,52.61589050292969,P021,R04
2026-02-10,53.41524124145508,P021,R04
2026-02-11,55.35696029663086,P021,R04
2026-02-12,56.04688262939453,P021,R04
2026-02-13,57.24551773071289,P021,R04
2026-02-14,61.51737594604492,P021,R04
2026-02-15,58.30663299560547,P021,R04
2026-02-16,52.734962463378906,P021,R04
2026-02-17,53.25859069824219,P021,R04
2026-02-18,54.78850555419922,P021,R04
2026-02-19,55.5995979309082,P021,R04
2026-02-20,56.88156509399414,P021,R04
2026-02-21,59.52619552612305,P021,R04
2026-02-22,58.217308044433594,P021,R04
2026-02-23,52.7535514831543,P021,R04
2026-02-24,53.496883392333984,P021,R04
2026-02-25,54.65553665161133,P021,R04
2026-02-26,56.40561294555664,P021,R04
2026-02-27,57.292930603027344,P021,R04
2026-02-28,60.079383850097656,P021,R04
2026-02-01,61.90631103515625,P021,R05
2026-02-02,54.353477478027344,P021,R05
2026-02-03,56.98807907104492,P021,R05
2026-02-04,56.78284454345703,P021,R05
2026-02-05,57.93052291870117,P021,R05
2026-02-06,61.08552932739258,P021,R05
2026-02-07,63.646175384521484,P021,R05
2026-02-08,62.58001708984375,P021,R05
2026-02-09,54.278106689453125,P021,R05
2026-02-10,56.37328338623047,P021,R05
2026-02-11,57.56147384643555,P021,R05
2026-02-12,59.12614440917969,P021,R05
2026-02-13,60.01774215698242,P021,R05
2026-02-14,64.07260131835938,P021,R05
2026-02-15,62.01890563964844,P021,R05
2026-02-16,54.2137336730957,P021,R05
2026-02-17,61.1472282409668,P021,R05
2026-02-18,56.864280700683594,P021,R05
2026-02-19,58.650081634521484,P021,R05
2026-02-20,59.656715393066406,P021,R05
2026-02-21,62.95305252075195,P021,R05
2026-02-22,61.726680755615234,P021,R05
2026-02-23,53.49580764770508,P021,R05
2026-02-24,54.222923278808594,P021,R05
2026-02-25,55.9363899230957,P021,R05
2026-02-26,57.161346435546875,P021,R05
2026-02-27,58.98479461669922,P021,R05
2026-02-28,62.49290466308594,P021,R05
2026-02-01,73.42583465576172,P022,R01
2026-02-02,60.67778778076172,P022,R01
2026-02-03,65.16699981689453,P022,R01
2026-02-04,65.03675842285156,P022,R01
2026-02-05,67.77117919921875,P022,R01
2026-02-06,71.59214782714844,P022,R01
2026-02-07,70.59583282470703,P022,R01
2026-02-08,69.55641174316406,P022,R01
2026-02-09,65.40223693847656,P022,R01
2026-02-10,67.59583282470703,P022,R01
2026-02-11,68.316162109375,P022,R01
2026-02-12,74.99732208251953,P022,R01
2026-02-13,71.8741226196289,P022,R01
2026-02-14,74.61629486083984,P022,R01
2026-02-15,74.60255432128906,P022,R01
2026-02-16,64.83056640625,P022,R01
2026-02-17,67.97824096679688,P022,R01
2026-02-18,71.45677185058594,P022,R01
2026-02-19,72.92787170410156,P022,R01
2026-02-20,75.42005920410156,P022,R01
2026-02-21,75.47549438476562,P022,R01
2026-02-22,75.77385711669922,P022,R01
2026-02-23,67.8573226928711,P022,R01
2026-02-24,70.27735900878906,P022,R01
2026-02-25,72.7911605834961,P022,R01
2026-02-26,75.19685363769531,P022,R01
2026-02-27,75.97327423095703,P022,R01
2026-02-28,78.0655517578125,P022,R01
2026-02-01,83.10939025878906,P022,R02
2026-02-02,70.3397216796875,P022,R02
2026-02-03,75.5586166381836,P022,R02
2026-02-04,75.2864761352539,P022,R02
2026-02-05,74.20092010498047,P022,R02
2026-02-06,73.80243682861328,P022,R02
2026-02-07,80.69338989257812,P022,R02
2026-02-08,82.19038391113281,P022,R02
2026-02-09,78.2354965209961,P022,R02
2026-02-10,75.16317749023438,P022,R02
2026-02-11,79.59579467773438,P022,R02
2026-02-12,80.91302490234375,P022,R02
2026-02-13,79.17472839355469,P022,R02
2026-02-14,81.48017120361328,P022,R02
2026-02-15,82.11105346679688,P022,R02
2026-02-16,77.43746948242188,P022,R02
2026-02-17,82.02528381347656,P022,R02
2026-02-18,87.99968719482422,P022,R02
2026-02-19,80.58863830566406,P022,R02
2026-02-20,81.70027160644531,P022,R02
2026-02-21,85.1467514038086,P022,R02
2026-02-22,85.92183685302734,P022,R02
2026-02-23,89.13340759277344,P022,R02
2026-02-24,90.26879119873047,P022,R02
2026-02-25,95.83345794677734,P022,R02
2026-02-26,83.47148895263672,P022,R02
2026-02-27,85.5859603881836,P022,R02
2026-02-28,87.82551574707031,P022,R02
2026-02-01,84.502197265625,P022,R03
2026-02-02,77.09197998046875,P022,R03
2026-02-03,81.25631713867188,P022,R03
2026-02-04,84.09253692626953,P022,R03
2026-02-05,82.43346405029297,P022,R03
2026-02-06,86.3646011352539,P022,R03
2026-02-07,86.3558120727539,P022,R03
2026-02-08,91.02098083496094,P022,R03
2026-02-09,79.69813537597656,P022,R03
2026-02-10,104.7916030883789,P022,R03
2026-02-11,82.68172454833984,P022,R03
2026-02-12,82.3528823852539,P022,R03
2026-02-13,85.06460571289062,P022,R03
2026-02-14,88.02349853515625,P022,R03
2026-02-15,87.32902526855469,P022,R03
2026-02-16,76.29646301269531,P022,R03
2026-02-17,79.12295532226562,P022,R03
2026-02-18,83.78599548339844,P022,R03
2026-02-19,87.25150299072266,P022,R03
2026-02-20,87.55397033691406,P022,R03
2026-02-21,87.48355102539062,P022,R03
2026-02-22,87.69255828857422,P022,R03
2026-02-23,84.26219177246094,P022,R03
2026-02-24,105.31940460205078,P022,R03
2026-02-25,84.13506317138672,P022,R03
2026-02-26,88.33340454101562,P022,R03
2026-02-27,88.39537048339844,P022,R03
2026-02-28,89.03321075439453,P022,R03
2026-02-01,80.09419250488281,P022,R04
2026-02-02,70.63621520996094,P022,R04
2026-02-03,74.73812866210938,P022,R04
2026-02-04,72.55156707763672,P022,R04
2026-02-05,74.90866088867188,P022,R04
2026-02-06,76.82835388183594,P022,R04
2026-02-07,83.4740219116211,P022,R04
2026-02-08,83.30081176757812,P022,R04
2026-02-09,72.32303619384766,P022,R04
2026-02-10,76.44152069091797,P022,R04
2026-02-11,75.99079895019531,P022,R04
2026-02-12,78.4540023803711,P022,R04
2026-02-13,79.3549575805664,P022,R04
2026-02-14,86.54829406738281,P022,R04
2026-02-15,84.39573669433594,P022,R04
2026-02-16,76.19159698486328,P022,R04
2026-02-17,77.44520568847656,P022,R04
2026-02-18,87.34980773925781,P022,R04
2026-02-19,80.60736846923828,P022,R04
2026-02-20,84.7068862915039,P022,R04
2026-02-21,83.20101165771484,P022,R04
2026-02-22,89.77433013916016,P022,R04
2026-02-23,75.4750747680664,P022,R04
2026-02-24,81.45287322998047,P022,R04
2026-02-25,79.06696319580078,P022,R04
2026-02-26,81.84028625488281,P022,R04
2026-02-27,84.82492065429688,P022,R04
2026-02-28,87.05654907226562,P022,R04
2026-02-01,81.07185363769531,P022,R05
2026-02-02,69.24156188964844,P022,R05
2026-02-03,72.06087493896484,P022,R05
2026-02-04,73.80632019042969,P022,R05
2026-02-05,75.11780548095703,P022,R05
2026-02-06,81.77263641357422,P022,R05
2026-02-07,81.1297378540039,P022,R05
2026-02-08,79.13624572753906,P022,R05
2026-02-09,75.2825698852539,P022,R05
2026-02-10,80.68223571777344,P022,R05
2026-02-11,83.18678283691406,P022,R05
2026-02-12,82.06190490722656,P022,R05
2026-02-13,86.61670684814453,P022,R05
2026-02-14,85.48889923095703,P022,R05
2026-02-15,87.31090545654297,P022,R05
2026-02-16,82.98017120361328,P022,R05
2026-02-17,90.37291717529297,P022,R05
2026-02-18,93.16471099853516,P022,R05
2026-02-19,86.20877838134766,P022,R05
2026-02-20,88.39306640625,P022,R05
2026-02-21,90.81775665283203,P022,R05
2026-02-22,91.19738006591797,P022,R05
2026-02-23,99.80911254882812,P022,R05
2026-02-24,85.42571258544922,P022,R05
2026-02-25,83.8922119140625,P022,R05
2026-02-26,87.75485229492188,P022,R05
2026-02-27,86.58805847167969,P022,R05
2026-02-28,89.7430191040039,P022,R05
2026-02-01,123.02104187011719,P023,R01
2026-02-02,109.52118682861328,P023,R01
2026-02-03,113.37714385986328,P023,R01
2026-02-04,118.95684051513672,P023,R01
2026-02-05,117.70340728759766,P023,R01
2026-02-06,114.32266235351562,P023,R01
2026-02-07,129.4215850830078,P023,R01
2026-02-08,123.4154052734375,P023,R01
2026-02-09,109.92021942138672,P023,R01
2026-02-10,113.80757904052734,P023,R01
2026-02-11,123.25067901611328,P023,R01
2026-02-12,118.46456909179688,P023,R01
2026-02-13,124.0978775024414,P023,R01
2026-02-14,121.79670715332031,P023,R01
2026-02-15,122.51528930664062,P023,R01
2026-02-16,105.4757308959961,P023,R01
2026-02-17,109.63175201416016,P023,R01
2026-02-18,115.8004379272461,P023,R01
2026-02-19,127.51441192626953,P023,R01
2026-02-20,121.86540985107422,P023,R01
2026-02-21,128.76840209960938,P023,R01
2026-02-22,127.17121124267578,P023,R01
2026-02-23,100.54021453857422,P023,R01
2026-02-24,110.12158966064453,P023,R01
2026-02-25,111.96640014648438,P023,R01
2026-02-26,116.5669174194336,P023,R01
2026-02-27,125.95975494384766,P023,R01
2026-02-28,127.59351348876953,P023,R01
2026-02-01,157.49754333496094,P023,R02
2026-02-02,130.72496032714844,P023,R02
2026-02-03,135.1734161376953,P023,R02
2026-02-04,143.31936645507812,P023,R02
2026-02-05,147.00233459472656,P023,R02
2026-02-06,150.66830444335938,P023,R02
2026-02-07,161.3954315185547,P023,R02
2026-02-08,154.9176788330078,P023,R02
2026-02-09,124.7009048461914,P023,R02
2026-02-10,119.01172637939453,P023,R02
2026-02-11,132.60198974609375,P023,R02
2026-02-12,140.46583557128906,P023,R02
2026-02-13,139.21595764160156,P023,R02
2026-02-14,140.2567138671875,P023,R02
2026-02-15,148.9466094970703,P023,R02
2026-02-16,124.63709259033203,P023,R02
2026-02-17,123.57929992675781,P023,R02
2026-02-18,121.44219970703125,P023,R02
2026-02-19,133.89622497558594,P023,R02
2026-02-20,135.52186584472656,P023,R02
2026-02-21,148.24273681640625,P023,R02
2026-02-22,148.8866424560547,P023,R02
2026-02-23,122.64643096923828,P023,R02
2026-02-24,126.92903900146484,P023,R02
2026-02-25,124.8537826538086,P023,R02
2026-02-26,130.79806518554688,P023,R02
2026-02-27,132.06399536132812,P023,R02
2026-02-28,153.67428588867188,P023,R02
2026-02-01,132.70550537109375,P023,R03
2026-02-02,111.53569793701172,P023,R03
2026-02-03,118.41616821289062,P023,R03
2026-02-04,124.69791412353516,P023,R03
2026-02-05,123.40025329589844,P023,R03
2026-02-06,122.96578216552734,P023,R03
2026-02-07,128.81924438476562,P023,R03
2026-02-08,123.58583068847656,P023,R03
2026-02-09,114.40962219238281,P023,R03
2026-02-10,113.40812683105469,P023,R03
2026-02-11,120.0783920288086,P023,R03
2026-02-12,118.30001831054688,P023,R03
2026-02-13,123.14366912841797,P023,R03
2026-02-14,135.0225830078125,P023,R03
2026-02-15,125.22418212890625,P023,R03
2026-02-16,110.25727081298828,P023,R03
2026-02-17,108.26863098144531,P023,R03
2026-02-18,110.79180908203125,P023,R03
2026-02-19,114.37042236328125,P023,R03
2026-02-20,121.4224853515625,P023,R03
2026-02-21,130.7047119140625,P023,R03
2026-02-22,115.18047332763672,P023,R03
2026-02-23,117.0858383178711,P023,R03
2026-02-24,117.95195007324219,P023,R03
2026-02-25,119.08540344238281,P023,R03
2026-02-26,116.52203369140625,P023,R03
2026-02-27,116.30741119384766,P023,R03
2026-02-28,120.09014129638672,P023,R03
2026-02-01,142.47021484375,P023,R04
2026-02-02,126.73445892333984,P023,R04
2026-02-03,126.08920288085938,P023,R04
2026-02-04,123.88004302978516,P023,R04
2026-02-05,121.90477752685547,P023,R04
2026-02-06,127.72599029541016,P023,R04
2026-02-07,142.48045349121094,P023,R04
2026-02-08,121.20922088623047,P023,R04
2026-02-09,103.0634765625,P023,R04
2026-02-10,115.14927673339844,P023,R04
2026-02-11,116.61973571777344,P023,R04
2026-02-12,125.52202606201172,P023,R04
2026-02-13,148.31211853027344,P023,R04
2026-02-14,137.0858612060547,P023,R04
2026-02-15,132.1173095703125,P023,R04
2026-02-16,120.52745819091797,P023,R04
2026-02-17,111.04080200195312,P023,R04
2026-02-18,113.18101501464844,P023,R04
2026-02-19,118.24443054199219,P023,R04
2026-02-20,118.8664779663086,P023,R04
2026-02-21,133.72860717773438,P023,R04
2026-02-22,120.13198852539062,P023,R04
2026-02-23,105.59125518798828,P023,R04
2026-02-24,109.09074401855469,P023,R04
2026-02-25,113.12882995605469,P023,R04
2026-02-26,116.03650665283203,P023,R04
2026-02-27,120.64151763916016,P023,R04
2026-02-28,127.2364273071289,P023,R04
2026-02-01,125.69147491455078,P023,R05
2026-02-02,111.46440887451172,P023,R05
2026-02-03,116.9378433227539,P023,R05
2026-02-04,126.26740264892578,P023,R05
2026-02-05,111.69347381591797,P023,R05
2026-02-06,125.54828643798828,P023,R05
2026-02-07,124.2079849243164,P023,R05
2026-02-08,130.53273010253906,P023,R05
2026-02-09,111.05120849609375,P023,R05
2026-02-10,116.20929718017578,P023,R05
2026-02-11,118.01061248779297,P023,R05
2026-02-12,120.90060424804688,P023,R05
2026-02-13,125.00183868408203,P023,R05
2026-02-14,126.60664367675781,P023,R05
2026-02-15,125.8377456665039,P023,R05
2026-02-16,116.23538208007812,P023,R05
2026-02-17,118.36673736572266,P023,R05
2026-02-18,122.2330322265625,P023,R05
2026-02-19,126.49093627929688,P023,R05
2026-02-20,124.08918762207031,P023,R05
2026-02-21,132.9025421142578,P023,R05
2026-02-22,118.6353988647461,P023,R05
2026-02-23,108.11637878417969,P023,R05
2026-02-24,107.29499816894531,P023,R05
2026-02-25,117.17887115478516,P023,R05
2026-02-26,113.53266143798828,P023,R05
2026-02-27,118.96537017822266,P023,R05
2026-02-28,126.38648986816406,P023,R05
2026-02-01,41.7520637512207,P024,R01
2026-02-02,38.41611099243164,P024,R01
2026-02-03,38.725440979003906,P024,R01
2026-02-04,39.62715530395508,P024,R01
2026-02-05,40.198509216308594,P024,R01
2026-02-06,41.72150421142578,P024,R01
2026-02-07,45.202796936035156,P024,R01
2026-02-08,42.32997131347656,P024,R01
2026-02-09,37.902278900146484,P024,R01
2026-02-10,38.005550384521484,P024,R01
2026-02-11,40.27275466918945,P024,R01
2026-02-12,40.3404655456543,P024,R01
2026-02-13,42.03129577636719,P024,R01
2026-02-14,43.67087173461914,P024,R01
2026-02-15,42.24618911743164,P024,R01
2026-02-16,37.52920150756836,P024,R01
2026-02-17,38.037654876708984,P024,R01
2026-02-18,39.95348358154297,P024,R01
2026-02-19,40.567535400390625,P024,R01
2026-02-20,41.637428283691406,P024,R01
2026-02-21,43.75580978393555,P024,R01
2026-02-22,42.21104049682617,P024,R01
2026-02-23,39.09597396850586,P024,R01
2026-02-24,40.31342315673828,P024,R01
2026-02-25,41.742835998535156,P024,R01
2026-02-26,42.15517044067383,P024,R01
2026-02-27,43.011810302734375,P024,R01
2026-02-28,44.48855972290039,P024,R01
2026-02-01,51.86079406738281,P024,R02
2026-02-02,46.59322738647461,P024,R02
2026-02-03,48.05073165893555,P024,R02
2026-02-04,48.90647888183594,P024,R02
2026-02-05,50.03825378417969,P024,R02
2026-02-06,51.99528884887695,P024,R02
2026-02-07,53.31819534301758,P024,R02
2026-02-08,52.90876388549805,P024,R02
2026-02-09,49.355201721191406,P024,R02
2026-02-10,49.40566635131836,P024,R02
2026-02-11,50.475650787353516,P024,R02
2026-02-12,49.98857498168945,P024,R02
2026-02-13,50.32085037231445,P024,R02
2026-02-14,53.99037551879883,P024,R02
2026-02-15,52.90640640258789,P024,R02
2026-02-16,48.694664001464844,P024,R02
2026-02-17,48.93892288208008,P024,R02
2026-02-18,50.26002502441406,P024,R02
2026-02-19,50.9315071105957,P024,R02
2026-02-20,51.27472686767578,P024,R02
2026-02-21,53.45115280151367,P024,R02
2026-02-22,53.24995422363281,P024,R02
2026-02-23,49.22153091430664,P024,R02
2026-02-24,48.7727165222168,P024,R02
2026-02-25,49.74284744262695,P024,R02
2026-02-26,50.46485900878906,P024,R02
2026-02-27,51.565101623535156,P024,R02
2026-02-28,53.94526672363281,P024,R02
2026-02-01,49.921287536621094,P024,R03
2026-02-02,43.737403869628906,P024,R03
2026-02-03,44.68368911743164,P024,R03
2026-02-04,46.80300521850586,P024,R03
2026-02-05,47.2515983581543,P024,R03
2026-02-06,47.5036735534668,P024,R03
2026-02-07,51.65174102783203,P024,R03
2026-02-08,50.237098693847656,P024,R03
2026-02-09,46.186702728271484,P024,R03
2026-02-10,47.06751251220703,P024,R03
2026-02-11,48.87010192871094,P024,R03
2026-02-12,49.271339416503906,P024,R03
2026-02-13,50.86482238769531,P024,R03
2026-02-14,52.30375289916992,P024,R03
2026-02-15,53.696659088134766,P024,R03
2026-02-16,45.15639114379883,P024,R03
2026-02-17,45.26533889770508,P024,R03
2026-02-18,47.119285583496094,P024,R03
2026-02-19,46.544960021972656,P024,R03
2026-02-20,47.67499923706055,P024,R03
2026-02-21,50.53408432006836,P024,R03
2026-02-22,51.409423828125,P024,R03
2026-02-23,43.824405670166016,P024,R03
2026-02-24,45.66669464111328,P024,R03
2026-02-25,47.39614486694336,P024,R03
2026-02-26,48.037498474121094,P024,R03
2026-02-27,48.12303924560547,P024,R03
2026-02-28,51.16802215576172,P024,R03
2026-02-01,43.26594161987305,P024,R04
2026-02-02,40.52977752685547,P024,R04
2026-02-03,40.77189254760742,P024,R04
2026-02-04,41.18733215332031,P024,R04
2026-02-05,41.75749588012695,P024,R04
2026-02-06,42.99238967895508,P024,R04
2026-02-07,45.252662658691406,P024,R04
2026-02-08,43.65724182128906,P024,R04
2026-02-09,40.37352752685547,P024,R04
2026-02-10,40.70872497558594,P024,R04
2026-02-11,42.73323440551758,P024,R04
2026-02-12,42.183128356933594,P024,R04
2026-02-13,42.86461639404297,P024,R04
2026-02-14,43.86909103393555,P024,R04
2026-02-15,41.840152740478516,P024,R04
2026-02-16,37.19791793823242,P024,R04
2026-02-17,37.61764907836914,P024,R04
2026-02-18,40.59838104248047,P024,R04
2026-02-19,41.76846694946289,P024,R04
2026-02-20,42.92239761352539,P024,R04
2026-02-21,44.20915985107422,P024,R04
2026-02-22,43.8428840637207,P024,R04
2026-02-23,40.42179489135742,P024,R04
2026-02-24,40.74082946777344,P024,R04
2026-02-25,41.764915466308594,P024,R04
2026-02-26,42.092098236083984,P024,R04
2026-02-27,42.85932540893555,P024,R04
2026-02-28,44.48855972290039,P024,R04
2026-02-01,47.65890884399414,P024,R05
2026-02-02,42.688987731933594,P024,R05
2026-02-03,44.411651611328125,P024,R05
2026-02-04,44.2357063293457,P024,R05
2026-02-05,44.86408233642578,P024,R05
2026-02-06,47.12192916870117,P024,R05
2026-02-07,47.42410659790039,P024,R05
2026-02-08,48.90480041503906,P024,R05
2026-02-09,43.040958404541016,P024,R05
2026-02-10,44.01545333862305,P024,R05
2026-02-11,45.54899215698242,P024,R05
2026-02-12,45.475860595703125,P024,R05
2026-02-13,47.339988708496094,P024,R05
2026-02-14,49.204750061035156,P024,R05
2026-02-15,48.810089111328125,P024,R05
2026-02-16,43.5199089050293,P024,R05
2026-02-17,44.922054290771484,P024,R05
2026-02-18,45.71656036376953,P024,R05
2026-02-19,46.842872619628906,P024,R05
2026-02-20,47.92693328857422,P024,R05
2026-02-21,51.706443786621094,P024,R05
2026-02-22,51.67352294921875,P024,R05
2026-02-23,43.824405670166016,P024,R05
2026-02-24,45.0365104675293,P024,R05
2026-02-25,45.67938995361328,P024,R05
2026-02-26,47.42273712158203,P024,R05
2026-02-27,49.448062896728516,P024,R05
2026-02-28,52.56873321533203,P024,R05
2026-02-01,64.91281127929688,P025,R01
2026-02-02,57.166141510009766,P025,R01
2026-02-03,62.10017395019531,P025,R01
2026-02-04,61.41957473754883,P025,R01
2026-02-05,67.88555145263672,P025,R01
2026-02-06,64.92295837402344,P025,R01
2026-02-07,67.6158218383789,P025,R01
2026-02-08,67.40228271484375,P025,R01
2026-02-09,58.67839050292969,P025,R01
2026-02-10,62.616050720214844,P025,R01
2026-02-11,65.37265014648438,P025,R01
2026-02-12,66.15960693359375,P025,R01
2026-02-13,64.28934478759766,P025,R01
2026-02-14,67.84761047363281,P025,R01
2026-02-15,66.58466339111328,P025,R01
2026-02-16,56.946929931640625,P025,R01
2026-02-17,60.55487823486328,P025,R01
2026-02-18,60.980140686035156,P025,R01
2026-02-19,63.5930061340332,P025,R01
2026-02-20,63.622344970703125,P025,R01
2026-02-21,67.65435028076172,P025,R01
2026-02-22,66.60333251953125,P025,R01
2026-02-23,57.50270462036133,P025,R01
2026-02-24,60.16966247558594,P025,R01
2026-02-25,61.42815017700195,P025,R01
2026-02-26,63.63257598876953,P025,R01
2026-02-27,64.74449157714844,P025,R01
2026-02-28,67.54954528808594,P025,R01
2026-02-01,85.62307739257812,P025,R02
2026-02-02,73.61433410644531,P025,R02
2026-02-03,75.07109069824219,P025,R02
2026-02-04,76.43582916259766,P025,R02
2026-02-05,78.00839233398438,P025,R02
2026-02-06,86.06262969970703,P025,R02
2026-02-07,85.02629852294922,P025,R02
2026-02-08,86.08845520019531,P025,R02
2026-02-09,76.7622299194336,P025,R02
2026-02-10,78.17742156982422,P025,R02
2026-02-11,78.746826171875,P025,R02
2026-02-12,80.15245819091797,P025,R02
2026-02-13,102.22368621826172,P025,R02
2026-02-14,89.19422912597656,P025,R02
2026-02-15,87.08567810058594,P025,R02
2026-02-16,75.09024810791016,P025,R02
2026-02-17,78.18142700195312,P025,R02
2026-02-18,78.75353240966797,P025,R02
2026-02-19,83.71094512939453,P025,R02
2026-02-20,86.40361022949219,P025,R02
2026-02-21,87.07451629638672,P025,R02
2026-02-22,83.81929779052734,P025,R02
2026-02-23,74.39595031738281,P025,R02
2026-02-24,76.75820922851562,P025,R02
2026-02-25,78.13360595703125,P025,R02
2026-02-26,84.37845611572266,P025,R02
2026-02-27,86.83427429199219,P025,R02
2026-02-28,86.9974365234375,P025,R02
2026-02-01,75.31078338623047,P025,R03
2026-02-02,65.85330200195312,P025,R03
2026-02-03,68.93659210205078,P025,R03
2026-02-04,68.83320617675781,P025,R03
2026-02-05,72.94569396972656,P025,R03
2026-02-06,73.09076690673828,P025,R03
2026-02-07,80.7540512084961,P025,R03
2026-02-08,77.49241638183594,P025,R03
2026-02-09,68.90679931640625,P025,R03
2026-02-10,72.25892639160156,P025,R03
2026-02-11,74.8481674194336,P025,R03
2026-02-12,79.74684143066406,P025,R03
2026-02-13,78.0437240600586,P025,R03
2026-02-14,80.04631805419922,P025,R03
2026-02-15,82.39366912841797,P025,R03
2026-02-16,71.63834381103516,P025,R03
2026-02-17,74.13167572021484,P025,R03
2026-02-18,76.2217025756836,P025,R03
2026-02-19,76.87954711914062,P025,R03
2026-02-20,76.37274169921875,P025,R03
2026-02-21,80.07853698730469,P025,R03
2026-02-22,79.27291107177734,P025,R03
2026-02-23,72.63985443115234,P025,R03
2026-02-24,72.1048812866211,P025,R03
2026-02-25,76.05619812011719,P025,R03
2026-02-26,79.12832641601562,P025,R03
2026-02-27,86.85188293457031,P025,R03
2026-02-28,79.1761474609375,P025,R03
2026-02-01,83.97587585449219,P025,R04
2026-02-02,72.96515655517578,P025,R04
2026-02-03,78.49726104736328,P025,R04
2026-02-04,76.18480682373047,P025,R04
2026-02-05,78.06432342529297,P025,R04
2026-02-06,78.01866912841797,P025,R04
2026-02-07,81.82992553710938,P025,R04
2026-02-08,91.31263732910156,P025,R04
2026-02-09,73.7140121459961,P025,R04
2026-02-10,79.00262451171875,P025,R04
2026-02-11,80.34163665771484,P025,R04
2026-02-12,81.48335266113281,P025,R04
2026-02-13,82.47859954833984,P025,R04
2026-02-14,85.44109344482422,P025,R04
2026-02-15,85.90049743652344,P025,R04
2026-02-16,91.85807800292969,P025,R04
2026-02-17,80.13784790039062,P025,R04
2026-02-18,79.66548919677734,P025,R04
2026-02-19,82.4241943359375,P025,R04
2026-02-20,84.39550018310547,P025,R04
2026-02-21,96.7635726928711,P025,R04
2026-02-22,87.83836364746094,P025,R04
2026-02-23,74.56838989257812,P025,R04
2026-02-24,78.51019287109375,P025,R04
2026-02-25,76.83895111083984,P025,R04
2026-02-26,79.55361938476562,P025,R04
2026-02-27,82.96138763427734,P025,R04
2026-02-28,85.12276458740234,P025,R04
2026-02-01,74.07249450683594,P025,R05
2026-02-02,66.20478820800781,P025,R05
2026-02-03,67.27482604980469,P025,R05
2026-02-04,69.02880859375,P025,R05
2026-02-05,71.76675415039062,P025,R05
2026-02-06,72.58196258544922,P025,R05
2026-02-07,76.02058410644531,P025,R05
2026-02-08,74.97123718261719,P025,R05
2026-02-09,68.86747741699219,P025,R05
2026-02-10,69.0467300415039,P025,R05
2026-02-11,70.40779876708984,P025,R05
2026-02-12,77.31145477294922,P025,R05
2026-02-13,77.29148864746094,P025,R05
2026-02-14,83.98114776611328,P025,R05
2026-02-15,75.70729064941406,P025,R05
2026-02-16,65.46089935302734,P025,R05
2026-02-17,68.45442962646484,P025,R05
2026-02-18,71.0612564086914,P025,R05
2026-02-19,72.39646911621094,P025,R05
2026-02-20,74.49024963378906,P025,R05
2026-02-21,75.65190887451172,P025,R05
2026-02-22,74.27433776855469,P025,R05
2026-02-23,66.8542251586914,P025,R05
2026-02-24,69.35659790039062,P025,R05
2026-02-25,70.58142852783203,P025,R05
2026-02-26,74.3509521484375,P025,R05
2026-02-27,72.81782531738281,P025,R05
2026-02-28,81.07295989990234,P025,R05
2026-02-01,74.2450180053711,P026,R01
2026-02-02,65.40302276611328,P026,R01
2026-02-03,68.32062530517578,P026,R01
2026-02-04,65.6608657836914,P026,R01
2026-02-05,66.13079833984375,P026,R01
2026-02-06,68.57209014892578,P026,R01
2026-02-07,69.91646575927734,P026,R01
2026-02-08,72.04100799560547,P026,R01
2026-02-09,66.8169174194336,P026,R01
2026-02-10,68.6457748413086,P026,R01
2026-02-11,74.05535125732422,P026,R01
2026-02-12,75.53450775146484,P026,R01
2026-02-13,71.96363830566406,P026,R01
2026-02-14,78.70687103271484,P026,R01
2026-02-15,79.44274139404297,P026,R01
2026-02-16,67.36248016357422,P026,R01
2026-02-17,69.4376220703125,P026,R01
2026-02-18,70.77101135253906,P026,R01
2026-02-19,72.7251968383789,P026,R01
2026-02-20,75.60336303710938,P026,R01
2026-02-21,78.11628723144531,P026,R01
2026-02-22,76.9685287475586,P026,R01
2026-02-23,69.55142211914062,P026,R01
2026-02-24,70.74785614013672,P026,R01
2026-02-25,75.10916900634766,P026,R01
2026-02-26,74.03519439697266,P026,R01
2026-02-27,74.9474868774414,P026,R01
2026-02-28,81.3752670288086,P026,R01
2026-02-01,91.69477081298828,P026,R02
2026-02-02,79.89969635009766,P026,R02
2026-02-03,81.98360443115234,P026,R02
2026-02-04,81.57456970214844,P026,R02
2026-02-05,86.4391860961914,P026,R02
2026-02-06,86.69847106933594,P026,R02
2026-02-07,89.15807342529297,P026,R02
2026-02-08,88.41241455078125,P026,R02
2026-02-09,111.0140380859375,P026,R02
2026-02-10,83.0583267211914,P026,R02
2026-02-11,80.58723449707031,P026,R02
2026-02-12,85.3491439819336,P026,R02
2026-02-13,87.97089385986328,P026,R02
2026-02-14,90.71279907226562,P026,R02
2026-02-15,89.42768096923828,P026,R02
2026-02-16,80.34873962402344,P026,R02
2026-02-17,81.03990936279297,P026,R02
2026-02-18,82.06266021728516,P026,R02
2026-02-19,90.87769317626953,P026,R02
2026-02-20,93.29956817626953,P026,R02
2026-02-21,90.51722717285156,P026,R02
2026-02-22,94.14656066894531,P026,R02
2026-02-23,83.48180389404297,P026,R02
2026-02-24,85.44235229492188,P026,R02
2026-02-25,88.8335952758789,P026,R02
2026-02-26,127.30213928222656,P026,R02
2026-02-27,101.5069808959961,P026,R02
2026-02-28,97.2150650024414,P026,R02
2026-02-01,89.21147155761719,P026,R03
2026-02-02,78.19112396240234,P026,R03
2026-02-03,80.62712097167969,P026,R03
2026-02-04,83.1996078491211,P026,R03
2026-02-05,86.05613708496094,P026,R03
2026-02-06,89.38671112060547,P026,R03
2026-02-07,91.77436065673828,P026,R03
2026-02-08,90.86932373046875,P026,R03
2026-02-09,80.85200500488281,P026,R03
2026-02-10,81.37843322753906,P026,R03
2026-02-11,91.09369659423828,P026,R03
2026-02-12,94.0805892944336,P026,R03
2026-02-13,94.34264373779297,P026,R03
2026-02-14,95.76860809326172,P026,R03
2026-02-15,94.49420166015625,P026,R03
2026-02-16,81.02189636230469,P026,R03
2026-02-17,83.58820343017578,P026,R03
2026-02-18,87.87162017822266,P026,R03
2026-02-19,91.32476806640625,P026,R03
2026-02-20,96.85104370117188,P026,R03
2026-02-21,100.11963653564453,P026,R03
2026-02-22,92.89122772216797,P026,R03
2026-02-23,88.98064422607422,P026,R03
2026-02-24,85.58171081542969,P026,R03
2026-02-25,88.89073944091797,P026,R03
2026-02-26,92.7725601196289,P026,R03
2026-02-27,97.32559967041016,P026,R03
2026-02-28,94.42217254638672,P026,R03
2026-02-01,89.87286376953125,P026,R04
2026-02-02,74.931396484375,P026,R04
2026-02-03,80.17427062988281,P026,R04
2026-02-04,80.19095611572266,P026,R04
2026-02-05,86.6665267944336,P026,R04
2026-02-06,88.8919906616211,P026,R04
2026-02-07,91.33112335205078,P026,R04
2026-02-08,91.3219985961914,P026,R04
2026-02-09,80.32430267333984,P026,R04
2026-02-10,84.16256713867188,P026,R04
2026-02-11,89.72172546386719,P026,R04
2026-02-12,132.41822814941406,P026,R04
2026-02-13,96.03392028808594,P026,R04
2026-02-14,98.18296813964844,P026,R04
2026-02-15,97.49437713623047,P026,R04
2026-02-16,84.5186538696289,P026,R04
2026-02-17,86.68303680419922,P026,R04
2026-02-18,88.366943359375,P026,R04
2026-02-19,90.75264739990234,P026,R04
2026-02-20,98.89064025878906,P026,R04
2026-02-21,101.91346740722656,P026,R04
2026-02-22,97.1595230102539,P026,R04
2026-02-23,84.08589935302734,P026,R04
2026-02-24,84.80964660644531,P026,R04
2026-02-25,85.14490509033203,P026,R04
2026-02-26,90.50481414794922,P026,R04
2026-02-27,93.20097351074219,P026,R04
2026-02-28,94.08989715576172,P026,R04
2026-02-01,83.48625183105469,P026,R05
2026-02-02,70.45478057861328,P026,R05
2026-02-03,75.27887725830078,P026,R05
2026-02-04,75.5838623046875,P026,R05
2026-02-05,81.15138244628906,P026,R05
2026-02-06,80.32664489746094,P026,R05
2026-02-07,83.87156677246094,P026,R05
2026-02-08,84.35810089111328,P026,R05
2026-02-09,73.4647216796875,P026,R05
2026-02-10,77.12814331054688,P026,R05
2026-02-11,93.82769775390625,P026,R05
2026-02-12,79.96305084228516,P026,R05
2026-02-13,82.97258758544922,P026,R05
2026-02-14,86.25813293457031,P026,R05
2026-02-15,83.24109649658203,P026,R05
2026-02-16,70.1094970703125,P026,R05
2026-02-17,78.75654602050781,P026,R05
2026-02-18,75.71867370605469,P026,R05
2026-02-19,79.6938705444336,P026,R05
2026-02-20,82.06867980957031,P026,R05
2026-02-21,84.53173065185547,P026,R05
2026-02-22,83.27830505371094,P026,R05
2026-02-23,71.97700500488281,P026,R05
2026-02-24,77.82971954345703,P026,R05
2026-02-25,78.40593719482422,P026,R05
2026-02-26,81.4186782836914,P026,R05
2026-02-27,83.50611877441406,P026,R05
2026-02-28,85.2596435546875,P026,R05
2026-02-01,109.86370849609375,P027,R01
2026-02-02,95.69429779052734,P027,R01
2026-02-03,99.95686340332031,P027,R01
2026-02-04,98.79186248779297,P027,R01
2026-02-05,101.49290466308594,P027,R01
2026-02-06,104.71276092529297,P027,R01
2026-02-07,115.31512451171875,P027,R01
2026-02-08,112.50506591796875,P027,R01
2026-02-09,97.98028564453125,P027,R01
2026-02-10,107.93452453613281,P027,R01
2026-02-11,103.86845397949219,P027,R01
2026-02-12,107.82212829589844,P027,R01
2026-02-13,113.7105484008789,P027,R01
2026-02-14,118.0769271850586,P027,R01
2026-02-15,113.9201889038086,P027,R01
2026-02-16,100.88398742675781,P027,R01
2026-02-17,109.6860580444336,P027,R01
2026-02-18,109.19963073730469,P027,R01
2026-02-19,113.89974212646484,P027,R01
2026-02-20,120.43685150146484,P027,R01
2026-02-21,120.04866027832031,P027,R01
2026-02-22,118.31671142578125,P027,R01
2026-02-23,109.08850860595703,P027,R01
2026-02-24,102.73539733886719,P027,R01
2026-02-25,104.40740203857422,P027,R01
2026-02-26,101.68327331542969,P027,R01
2026-02-27,106.94932556152344,P027,R01
2026-02-28,103.87281036376953,P027,R01
2026-02-01,145.2686004638672,P027,R02
2026-02-02,122.99124908447266,P027,R02
2026-02-03,129.98507690429688,P027,R02
2026-02-04,131.5083770751953,P027,R02
2026-02-05,138.876708984375,P027,R02
2026-02-06,138.56015014648438,P027,R02
2026-02-07,148.63099670410156,P027,R02
2026-02-08,147.9597625732422,P027,R02
2026-02-09,118.06385803222656,P027,R02
2026-02-10,121.74272155761719,P027,R02
2026-02-11,124.08784484863281,P027,R02
2026-02-12,134.3271942138672,P027,R02
2026-02-13,135.0025177001953,P027,R02
2026-02-14,148.40951538085938,P027,R02
2026-02-15,192.8279571533203,P027,R02
2026-02-16,134.21205139160156,P027,R02
2026-02-17,129.58636474609375,P027,R02
2026-02-18,138.695556640625,P027,R02
2026-02-19,146.16647338867188,P027,R02
2026-02-20,156.91851806640625,P027,R02
2026-02-21,164.66726684570312,P027,R02
2026-02-22,162.52198791503906,P027,R02
2026-02-23,141.45021057128906,P027,R02
2026-02-24,141.4250030517578,P027,R02
2026-02-25,133.78465270996094,P027,R02
2026-02-26,160.02728271484375,P027,R02
2026-02-27,153.20480346679688,P027,R02
2026-02-28,166.55575561523438,P027,R02
2026-02-01,133.71852111816406,P027,R03
2026-02-02,115.27542877197266,P027,R03
2026-02-03,115.24723815917969,P027,R03
2026-02-04,114.95215606689453,P027,R03
2026-02-05,124.48233795166016,P027,R03
2026-02-06,124.75898742675781,P027,R03
2026-02-07,128.1920623779297,P027,R03
2026-02-08,128.1119384765625,P027,R03
2026-02-09,110.53788757324219,P027,R03
2026-02-10,108.82292175292969,P027,R03
2026-02-11,112.41575622558594,P027,R03
2026-02-12,120.4782485961914,P027,R03
2026-02-13,118.0074234008789,P027,R03
2026-02-14,122.65543365478516,P027,R03
2026-02-15,130.01678466796875,P027,R03
2026-02-16,116.38172912597656,P027,R03
2026-02-17,111.80091094970703,P027,R03
2026-02-18,116.67919158935547,P027,R03
2026-02-19,119.22584533691406,P027,R03
2026-02-20,112.44233703613281,P027,R03
2026-02-21,135.41278076171875,P027,R03
2026-02-22,124.22328186035156,P027,R03
2026-02-23,96.75146484375,P027,R03
2026-02-24,110.44224548339844,P027,R03
2026-02-25,114.08087158203125,P027,R03
2026-02-26,120.38937377929688,P027,R03
2026-02-27,127.18704223632812,P027,R03
2026-02-28,122.99144744873047,P027,R03
2026-02-01,126.38941192626953,P027,R04
2026-02-02,111.327392578125,P027,R04
2026-02-03,113.22178649902344,P027,R04
2026-02-04,118.61908721923828,P027,R04
2026-02-05,117.84994506835938,P027,R04
2026-02-06,125.00096893310547,P027,R04
2026-02-07,135.84176635742188,P027,R04
2026-02-08,118.98981475830078,P027,R04
2026-02-09,102.89004516601562,P027,R04
2026-02-10,109.66719055175781,P027,R04
2026-02-11,114.68447875976562,P027,R04
2026-02-12,120.59571838378906,P027,R04
2026-02-13,118.30656433105469,P027,R04
2026-02-14,129.9314422607422,P027,R04
2026-02-15,126.10202026367188,P027,R04
2026-02-16,111.58646392822266,P027,R04
2026-02-17,111.5892562866211,P027,R04
2026-02-18,114.96680450439453,P027,R04
2026-02-19,117.52767181396484,P027,R04
2026-02-20,119.16677856445312,P027,R04
2026-02-21,120.32763671875,P027,R04
2026-02-22,130.8972930908203,P027,R04
2026-02-23,102.25173950195312,P027,R04
2026-02-24,109.76976776123047,P027,R04
2026-02-25,106.65359497070312,P027,R04
2026-02-26,115.45872497558594,P027,R04
2026-02-27,119.96075439453125,P027,R04
2026-02-28,122.9937515258789,P027,R04
2026-02-01,115.58126068115234,P027,R05
2026-02-02,109.04254150390625,P027,R05
2026-02-03,109.13138580322266,P027,R05
2026-02-04,112.40234375,P027,R05
2026-02-05,117.07088470458984,P027,R05
2026-02-06,125.08097076416016,P027,R05
2026-02-07,134.3193359375,P027,R05
2026-02-08,115.16681671142578,P027,R05
2026-02-09,107.81183624267578,P027,R05
2026-02-10,112.19636535644531,P027,R05
2026-02-11,115.7525634765625,P027,R05
2026-02-12,115.30021667480469,P027,R05
2026-02-13,117.11761474609375,P027,R05
2026-02-14,130.2948455810547,P027,R05
2026-02-15,127.46308898925781,P027,R05
2026-02-16,105.45046997070312,P027,R05
2026-02-17,99.99118041992188,P027,R05
2026-02-18,116.93287658691406,P027,R05
2026-02-19,116.12995910644531,P027,R05
2026-02-20,120.69542694091797,P027,R05
2026-02-21,125.79045867919922,P027,R05
2026-02-22,126.17294311523438,P027,R05
2026-02-23,109.1993637084961,P027,R05
2026-02-24,104.84394836425781,P027,R05
2026-02-25,107.30361938476562,P027,R05
2026-02-26,116.08295440673828,P027,R05
2026-02-27,119.54822540283203,P027,R05
2026-02-28,119.9921646118164,P027,R05
2026-02-01,48.127960205078125,P028,R01
2026-02-02,41.925689697265625,P028,R01
2026-02-03,43.25271987915039,P028,R01
2026-02-04,44.47318649291992,P028,R01
2026-02-05,46.87801742553711,P028,R01
2026-02-06,48.49941635131836,P028,R01
2026-02-07,50.9927978515625,P028,R01
2026-02-08,52.45374298095703,P028,R01
2026-02-09,47.19694519042969,P028,R01
2026-02-10,46.087364196777344,P028,R01
2026-02-11,47.711631774902344,P028,R01
2026-02-12,47.40333557128906,P028,R01
2026-02-13,48.50175857543945,P028,R01
2026-02-14,51.12715530395508,P028,R01
2026-02-15,49.834381103515625,P028,R01
2026-02-16,44.0142822265625,P028,R01
2026-02-17,44.80841827392578,P028,R01
2026-02-18,45.8472785949707,P028,R01
2026-02-19,46.1740608215332,P028,R01
2026-02-20,49.04170608520508,P028,R01
2026-02-21,51.3066520690918,P028,R01
2026-02-22,50.16183853149414,P028,R01
2026-02-23,44.241920471191406,P028,R01
2026-02-24,43.772918701171875,P028,R01
2026-02-25,45.54491424560547,P028,R01
2026-02-26,46.634708404541016,P028,R01
2026-02-27,47.53113555908203,P028,R01
2026-02-28,50.445377349853516,P028,R01
2026-02-01,63.55526351928711,P028,R02
2026-02-02,55.18793487548828,P028,R02
2026-02-03,58.114105224609375,P028,R02
2026-02-04,58.078468322753906,P028,R02
2026-02-05,59.23820495605469,P028,R02
2026-02-06,61.31426239013672,P028,R02
2026-02-07,64.20430755615234,P028,R02
2026-02-08,64.78380584716797,P028,R02
2026-02-09,55.39588165283203,P028,R02
2026-02-10,62.310508728027344,P028,R02
2026-02-11,59.40944290161133,P028,R02
2026-02-12,61.607295989990234,P028,R02
2026-02-13,62.29080581665039,P028,R02
2026-02-14,64.7794418334961,P028,R02
2026-02-15,64.7360610961914,P028,R02
2026-02-16,54.509273529052734,P028,R02
2026-02-17,57.07193374633789,P028,R02
2026-02-18,57.88825988769531,P028,R02
2026-02-19,59.783084869384766,P028,R02
2026-02-20,60.736087799072266,P028,R02
2026-02-21,63.88850021362305,P028,R02
2026-02-22,62.97869873046875,P028,R02
2026-02-23,53.67363357543945,P028,R02
2026-02-24,56.48202896118164,P028,R02
2026-02-25,56.5416259765625,P028,R02
2026-02-26,58.06178665161133,P028,R02
2026-02-27,60.12794876098633,P028,R02
2026-02-28,63.420204162597656,P028,R02
2026-02-01,59.75735092163086,P028,R03
2026-02-02,52.30559158325195,P028,R03
2026-02-03,53.329383850097656,P028,R03
2026-02-04,54.47751235961914,P028,R03
2026-02-05,56.65095138549805,P028,R03
2026-02-06,59.30593490600586,P028,R03
2026-02-07,61.32707214355469,P028,R03
2026-02-08,60.572383880615234,P028,R03
2026-02-09,53.52300262451172,P028,R03
2026-02-10,53.77858352661133,P028,R03
2026-02-11,55.565486907958984,P028,R03
2026-02-12,56.83671951293945,P028,R03
2026-02-13,62.734683990478516,P028,R03
2026-02-14,61.7140007019043,P028,R03
2026-02-15,60.90183639526367,P028,R03
2026-02-16,53.624656677246094,P028,R03
2026-02-17,55.45341110229492,P028,R03
2026-02-18,56.102352142333984,P028,R03
2026-02-19,56.993167877197266,P028,R03
2026-02-20,58.82200622558594,P028,R03
2026-02-21,62.269775390625,P028,R03
2026-02-22,60.63956069946289,P028,R03
2026-02-23,53.22870635986328,P028,R03
2026-02-24,54.371925354003906,P028,R03
2026-02-25,55.46464920043945,P028,R03
2026-02-26,56.638763427734375,P028,R03
2026-02-27,59.135948181152344,P028,R03
2026-02-28,60.048301696777344,P028,R03
2026-02-01,61.828155517578125,P028,R04
2026-02-02,54.349056243896484,P028,R04
2026-02-03,55.47369384765625,P028,R04
2026-02-04,57.37945556640625,P028,R04
2026-02-05,57.79764938354492,P028,R04
2026-02-06,59.262115478515625,P028,R04
2026-02-07,60.54164123535156,P028,R04
2026-02-08,60.67189407348633,P028,R04
2026-02-09,53.47381591796875,P028,R04
2026-02-10,54.885963439941406,P028,R04
2026-02-11,60.3206672668457,P028,R04
2026-02-12,57.128273010253906,P028,R04
2026-02-13,60.035057067871094,P028,R04
2026-02-14,61.915103912353516,P028,R04
2026-02-15,61.94325637817383,P028,R04
2026-02-16,53.820091247558594,P028,R04
2026-02-17,55.800106048583984,P028,R04
2026-02-18,57.05744552612305,P028,R04
2026-02-19,57.08094787597656,P028,R04
2026-02-20,59.08155059814453,P028,R04
2026-02-21,62.22570037841797,P028,R04
2026-02-22,61.52078628540039,P028,R04
2026-02-23,53.455081939697266,P028,R04
2026-02-24,55.92147445678711,P028,R04
2026-02-25,56.68608856201172,P028,R04
2026-02-26,57.505859375,P028,R04
2026-02-27,59.7396354675293,P028,R04
2026-02-28,61.74555969238281,P028,R04
2026-02-01,47.8282585144043,P028,R05
2026-02-02,44.49263381958008,P028,R05
2026-02-03,45.643104553222656,P028,R05
2026-02-04,46.46522903442383,P028,R05
2026-02-05,45.2758903503418,P028,R05
2026-02-06,48.18021774291992,P028,R05
2026-02-07,51.643455505371094,P028,R05
2026-02-08,48.01301574707031,P028,R05
2026-02-09,43.77025604248047,P028,R05
2026-02-10,44.40401840209961,P028,R05
2026-02-11,45.67583084106445,P028,R05
2026-02-12,47.20692825317383,P028,R05
2026-02-13,48.50406265258789,P028,R05
2026-02-14,51.105621337890625,P028,R05
2026-02-15,49.04283905029297,P028,R05
2026-02-16,43.63473129272461,P028,R05
2026-02-17,44.30068588256836,P028,R05
2026-02-18,47.30147171020508,P028,R05
2026-02-19,47.572635650634766,P028,R05
2026-02-20,49.35221862792969,P028,R05
2026-02-21,52.82178497314453,P028,R05
2026-02-22,50.578147888183594,P028,R05
2026-02-23,45.109981536865234,P028,R05
2026-02-24,45.82225799560547,P028,R05
2026-02-25,47.26430130004883,P028,R05
2026-02-26,47.9366340637207,P028,R05
2026-02-27,49.58026885986328,P028,R05
2026-02-28,52.811370849609375,P028,R05
2026-02-01,56.465118408203125,P029,R01
2026-02-02,50.20761489868164,P029,R01
2026-02-03,52.13618469238281,P029,R01
2026-02-04,53.586387634277344,P029,R01
2026-02-05,54.89545822143555,P029,R01
2026-02-06,55.81550979614258,P029,R01
2026-02-07,59.43989181518555,P029,R01
2026-02-08,58.15916061401367,P029,R01
2026-02-09,53.82609558105469,P029,R01
2026-02-10,53.882118225097656,P029,R01
2026-02-11,54.12419128417969,P029,R01
2026-02-12,55.34946060180664,P029,R01
2026-02-13,55.96600341796875,P029,R01
2026-02-14,59.35283279418945,P029,R01
2026-02-15,58.4530143737793,P029,R01
2026-02-16,52.86543273925781,P029,R01
2026-02-17,53.65215301513672,P029,R01
2026-02-18,54.64738464355469,P029,R01
2026-02-19,56.029754638671875,P029,R01
2026-02-20,56.615943908691406,P029,R01
2026-02-21,59.365081787109375,P029,R01
2026-02-22,58.636085510253906,P029,R01
2026-02-23,53.002037048339844,P029,R01
2026-02-24,54.091949462890625,P029,R01
2026-02-25,54.64738464355469,P029,R01
2026-02-26,55.76295852661133,P029,R01
2026-02-27,56.48768615722656,P029,R01
2026-02-28,59.30867385864258,P029,R01
2026-02-01,62.062744140625,P029,R02
2026-02-02,54.09510803222656,P029,R02
2026-02-03,56.02510070800781,P029,R02
2026-02-04,56.91925811767578,P029,R02
2026-02-05,58.994693756103516,P029,R02
2026-02-06,59.585121154785156,P029,R02
2026-02-07,62.85107421875,P029,R02
2026-02-08,63.191429138183594,P029,R02
2026-02-09,54.67481994628906,P029,R02
2026-02-10,55.76838302612305,P029,R02
2026-02-11,56.87382507324219,P029,R02
2026-02-12,60.8972053527832,P029,R02
2026-02-13,60.804325103759766,P029,R02
2026-02-14,63.73265075683594,P029,R02
2026-02-15,62.76541519165039,P029,R02
2026-02-16,53.46921157836914,P029,R02
2026-02-17,55.070194244384766,P029,R02
2026-02-18,56.34049987792969,P029,R02
2026-02-19,57.035911560058594,P029,R02
2026-02-20,59.03229522705078,P029,R02
2026-02-21,61.170413970947266,P029,R02
2026-02-22,61.44438552856445,P029,R02
2026-02-23,53.2667121887207,P029,R02
2026-02-24,54.722076416015625,P029,R02
2026-02-25,55.9660758972168,P029,R02
2026-02-26,57.60990905761719,P029,R02
2026-02-27,58.50534439086914,P029,R02
2026-02-28,61.43225860595703,P029,R02
2026-02-01,62.541053771972656,P029,R03
2026-02-02,54.35062789916992,P029,R03
2026-02-03,57.22124099731445,P029,R03
2026-02-04,58.170284271240234,P029,R03
2026-02-05,58.69766616821289,P029,R03
2026-02-06,59.89344024658203,P029,R03
2026-02-07,63.358158111572266,P029,R03
2026-02-08,62.74708557128906,P029,R03
2026-02-09,55.02773666381836,P029,R03
2026-02-10,56.21310806274414,P029,R03
2026-02-11,58.834716796875,P029,R03
2026-02-12,58.69280242919922,P029,R03
2026-02-13,59.90214157104492,P029,R03
2026-02-14,62.623321533203125,P029,R03
2026-02-15,62.02777862548828,P029,R03
2026-02-16,53.145469665527344,P029,R03
2026-02-17,55.58010482788086,P029,R03
2026-02-18,56.8649787902832,P029,R03
2026-02-19,58.650779724121094,P029,R03
2026-02-20,59.3889045715332,P029,R03
2026-02-21,63.020442962646484,P029,R03
2026-02-22,62.8330078125,P029,R03
2026-02-23,54.45915222167969,P029,R03
2026-02-24,57.043209075927734,P029,R03
2026-02-25,57.17107391357422,P029,R03
2026-02-26,58.52724075317383,P029,R03
2026-02-27,59.3889045715332,P029,R03
2026-02-28,63.225162506103516,P029,R03
2026-02-01,59.81757736206055,P029,R04
2026-02-02,53.79362869262695,P029,R04
2026-02-03,54.483314514160156,P029,R04
2026-02-04,55.603546142578125,P029,R04
2026-02-05,57.45461654663086,P029,R04
2026-02-06,57.64856719970703,P029,R04
2026-02-07,63.04729461669922,P029,R04
2026-02-08,61.01298141479492,P029,R04
2026-02-09,53.30760955810547,P029,R04
2026-02-10,55.263526916503906,P029,R04
2026-02-11,57.11430740356445,P029,R04
2026-02-12,59.894649505615234,P029,R04
2026-02-13,58.89036560058594,P029,R04
2026-02-14,62.21563720703125,P029,R04
2026-02-15,61.11411666870117,P029,R04
2026-02-16,53.03681564331055,P029,R04
2026-02-17,55.00891876220703,P029,R04
2026-02-18,56.11740493774414,P029,R04
2026-02-19,57.48101043701172,P029,R04
2026-02-20,59.381221771240234,P029,R04
2026-02-21,63.02928924560547,P029,R04
2026-02-22,60.623504638671875,P029,R04
2026-02-23,53.26373291015625,P029,R04
2026-02-24,53.90959167480469,P029,R04
2026-02-25,55.34211730957031,P029,R04
2026-02-26,57.130210876464844,P029,R04
2026-02-27,57.02680969238281,P029,R04
2026-02-28,60.44078826904297,P029,R04
2026-02-01,60.56389617919922,P029,R05
2026-02-02,55.07744216918945,P029,R05
2026-02-03,55.106929779052734,P029,R05
2026-02-04,56.265350341796875,P029,R05
2026-02-05,58.06585693359375,P029,R05
2026-02-06,58.97047805786133,P029,R05
2026-02-07,62.530059814453125,P029,R05
2026-02-08,61.74628448486328,P029,R05
2026-02-09,53.49645233154297,P029,R05
2026-02-10,54.95901870727539,P029,R05
2026-02-11,54.63429641723633,P029,R05
2026-02-12,57.2076530456543,P029,R05
2026-02-13,57.02556610107422,P029,R05
2026-02-14,59.93318557739258,P029,R05
2026-02-15,58.322635650634766,P029,R05
2026-02-16,52.48530197143555,P029,R05
2026-02-17,53.650211334228516,P029,R05
2026-02-18,54.64738464355469,P029,R05
2026-02-19,55.84123611450195,P029,R05
2026-02-20,56.676204681396484,P029,R05
2026-02-21,59.78781509399414,P029,R05
2026-02-22,58.43479919433594,P029,R05
2026-02-23,53.079769134521484,P029,R05
2026-02-24,54.128963470458984,P029,R05
2026-02-25,54.883338928222656,P029,R05
2026-02-26,56.27033615112305,P029,R05
2026-02-27,56.67235565185547,P029,R05
2026-02-28,60.1007080078125,P029,R05
2026-02-01,75.01111602783203,P030,R01
2026-02-02,67.55371856689453,P030,R01
2026-02-03,68.55406188964844,P030,R01
2026-02-04,69.03941345214844,P030,R01
2026-02-05,71.1592025756836,P030,R01
2026-02-06,73.41507720947266,P030,R01
2026-02-07,76.31622314453125,P030,R01
2026-02-08,74.7888412475586,P030,R01
2026-02-09,66.86103057861328,P030,R01
2026-02-10,69.95992279052734,P030,R01
2026-02-11,69.98287200927734,P030,R01
2026-02-12,70.89131927490234,P030,R01
2026-02-13,72.26466369628906,P030,R01
2026-02-14,75.412353515625,P030,R01
2026-02-15,73.32676696777344,P030,R01
2026-02-16,65.17701721191406,P030,R01
2026-02-17,68.07229614257812,P030,R01
2026-02-18,71.21334075927734,P030,R01
2026-02-19,70.76939392089844,P030,R01
2026-02-20,71.66638946533203,P030,R01
2026-02-21,75.66212463378906,P030,R01
2026-02-22,74.7917709350586,P030,R01
2026-02-23,66.03189849853516,P030,R01
2026-02-24,69.56244659423828,P030,R01
2026-02-25,70.0556640625,P030,R01
2026-02-26,72.05123138427734,P030,R01
2026-02-27,73.73328399658203,P030,R01
2026-02-28,77.49908447265625,P030,R01
2026-02-01,84.11983489990234,P030,R02
2026-02-02,75.65234375,P030,R02
2026-02-03,82.98253631591797,P030,R02
2026-02-04,82.68809509277344,P030,R02
2026-02-05,87.17674255371094,P030,R02
2026-02-06,95.72081756591797,P030,R02
2026-02-07,91.22813415527344,P030,R02
2026-02-08,87.91931915283203,P030,R02
2026-02-09,80.73033142089844,P030,R02
2026-02-10,83.38848876953125,P030,R02
2026-02-11,82.09296417236328,P030,R02
2026-02-12,86.6116714477539,P030,R02
2026-02-13,89.8902816772461,P030,R02
2026-02-14,90.2986831665039,P030,R02
2026-02-15,92.0738754272461,P030,R02
2026-02-16,81.75460815429688,P030,R02
2026-02-17,85.16362762451172,P030,R02
2026-02-18,105.76941680908203,P030,R02
2026-02-19,83.31134033203125,P030,R02
2026-02-20,85.53042602539062,P030,R02
2026-02-21,86.6103744506836,P030,R02
2026-02-22,86.908203125,P030,R02
2026-02-23,77.13609313964844,P030,R02
2026-02-24,80.77176666259766,P030,R02
2026-02-25,86.51846313476562,P030,R02
2026-02-26,99.9773178100586,P030,R02
2026-02-27,86.79662322998047,P030,R02
2026-02-28,87.33619689941406,P030,R02
2026-02-01,78.11341094970703,P030,R03
2026-02-02,69.20148468017578,P030,R03
2026-02-03,68.88764190673828,P030,R03
2026-02-04,73.70108032226562,P030,R03
2026-02-05,70.34713745117188,P030,R03
2026-02-06,74.83938598632812,P030,R03
2026-02-07,78.16983795166016,P030,R03
2026-02-08,77.5826416015625,P030,R03
2026-02-09,71.37332153320312,P030,R03
2026-02-10,73.82418823242188,P030,R03
2026-02-11,77.03130340576172,P030,R03
2026-02-12,78.72505950927734,P030,R03
2026-02-13,78.42774200439453,P030,R03
2026-02-14,82.66642761230469,P030,R03
2026-02-15,83.439208984375,P030,R03
2026-02-16,76.12052917480469,P030,R03
2026-02-17,78.73060607910156,P030,R03
2026-02-18,85.08087921142578,P030,R03
2026-02-19,77.89784240722656,P030,R03
2026-02-20,80.1190414428711,P030,R03
2026-02-21,84.29349517822266,P030,R03
2026-02-22,82.25460815429688,P030,R03
2026-02-23,77.52075958251953,P030,R03
2026-02-24,81.89167022705078,P030,R03
2026-02-25,88.57804870605469,P030,R03
2026-02-26,79.78622436523438,P030,R03
2026-02-27,85.75480651855469,P030,R03
2026-02-28,88.40377044677734,P030,R03
2026-02-01,79.5126953125,P030,R04
2026-02-02,70.52153778076172,P030,R04
2026-02-03,74.52388000488281,P030,R04
2026-02-04,73.31201171875,P030,R04
2026-02-05,75.87821197509766,P030,R04
2026-02-06,76.39488983154297,P030,R04
2026-02-07,80.43438720703125,P030,R04
2026-02-08,82.47900390625,P030,R04
2026-02-09,73.79801177978516,P030,R04
2026-02-10,80.0774154663086,P030,R04
2026-02-11,77.27107238769531,P030,R04
2026-02-12,78.3785171508789,P030,R04
2026-02-13,78.31861877441406,P030,R04
2026-02-14,80.94059753417969,P030,R04
2026-02-15,82.81706237792969,P030,R04
2026-02-16,72.65399169921875,P030,R04
2026-02-17,77.98025512695312,P030,R04
2026-02-18,79.26248931884766,P030,R04
2026-02-19,78.79340362548828,P030,R04
2026-02-20,80.01630401611328,P030,R04
2026-02-21,83.523681640625,P030,R04
2026-02-22,80.29485321044922,P030,R04
2026-02-23,73.08421325683594,P030,R04
2026-02-24,82.44410705566406,P030,R04
2026-02-25,85.72620391845703,P030,R04
2026-02-26,79.88702392578125,P030,R04
2026-02-27,83.08489227294922,P030,R04
2026-02-28,86.8225326538086,P030,R04
2026-02-01,75.2714614868164,P030,R05
2026-02-02,67.22029876708984,P030,R05
2026-02-03,69.50761413574219,P030,R05
2026-02-04,72.64193725585938,P030,R05
2026-02-05,71.95195770263672,P030,R05
2026-02-06,73.98211669921875,P030,R05
2026-02-07,77.37264251708984,P030,R05
2026-02-08,75.376953125,P030,R05
2026-02-09,68.3738784790039,P030,R05
2026-02-10,70.78414916992188,P030,R05
2026-02-11,73.03993225097656,P030,R05
2026-02-12,74.41981506347656,P030,R05
2026-02-13,74.9493408203125,P030,R05
2026-02-14,78.52934265136719,P030,R05
2026-02-15,75.72889709472656,P030,R05
2026-02-16,69.12944030761719,P030,R05
2026-02-17,71.02562713623047,P030,R05
2026-02-18,73.89644622802734,P030,R05
2026-02-19,76.37024688720703,P030,R05
2026-02-20,75.75238037109375,P030,R05
2026-02-21,80.04084777832031,P030,R05
2026-02-22,79.5357666015625,P030,R05
2026-02-23,71.2545166015625,P030,R05
2026-02-24,74.21028137207031,P030,R05
2026-02-25,77.35354614257812,P030,R05
2026-02-26,77.9742660522461,P030,R05
2026-02-27,77.66885375976562,P030,R05
2026-02-28,81.41536712646484,P030,R05
